1;agent0;1.305997;0;0.6861939;Goal1;cell1-1
1;agent1;1.139678;0;1.969064;Goal1;cell1-1
2;agent0;1.319166;0;0.7131493;Goal1;cell1-1
2;agent1;1.160749;0;1.947709;Goal1;cell1-1
3;agent0;1.334958;0;0.7386563;Goal1;cell1-1
3;agent1;1.183139;0;1.927742;Goal1;cell1-1
4;agent0;1.350782;0;0.7641433;Goal1;cell1-1
4;agent1;1.205608;0;1.907864;Goal1;cell1-1
5;agent0;1.366244;0;0.7898519;Goal1;cell1-1
5;agent1;1.228121;0;1.888035;Goal1;cell1-1
6;agent0;1.381379;0;0.8157542;Goal1;cell1-1
6;agent1;1.250905;0;1.868519;Goal1;cell1-1
7;agent0;1.396527;0;0.8416491;Goal1;cell1-1
7;agent1;1.274067;0;1.849453;Goal1;cell1-1
8;agent0;1.411498;0;0.8676468;Goal1;cell1-1
8;agent1;1.298404;0;1.831911;Goal1;cell1-1
9;agent0;1.427864;0;0.8927891;Goal1;cell1-1
9;agent1;1.323649;0;1.815704;Goal1;cell1-1
10;agent0;1.446162;0;0.9165634;Goal1;cell1-1
10;agent1;1.349372;0;1.800265;Goal1;cell1-1
11;agent0;1.464275;0;0.9404781;Goal1;cell1-1
11;agent1;1.37503;0;1.784719;Goal1;cell1-1
12;agent0;1.4822;0;0.9645342;Goal1;cell1-1
12;agent1;1.401519;0;1.770636;Goal1;cell1-1
13;agent0;1.500643;0;0.9881952;Goal1;cell1-1
13;agent1;1.429505;0;1.759831;Goal1;cell1-1
14;agent0;1.518927;0;1.01198;Goal1;cell1-1
14;agent1;1.458072;0;1.750667;Goal1;cell1-1
15;agent0;1.537032;0;1.0359;Goal1;cell1-1
15;agent1;1.486682;0;1.741644;Goal1;cell1-1
16;agent0;1.554704;0;1.060143;Goal1;cell1-1
16;agent1;1.514426;0;1.732121;Goal1;cell1-1
17;agent0;1.572163;0;1.08454;Goal1;cell1-1
17;agent1;1.542256;0;1.725514;Goal1;cell1-1
18;agent0;1.589552;0;1.108985;Goal1;cell1-1
18;agent1;1.567974;0;1.719008;Goal1;cell1-1
19;agent0;1.610988;0;1.129974;Goal1;cell1-1
19;agent1;1.592074;0;1.712778;Goal1;cell1-1
20;agent0;1.635574;0;1.147165;Goal1;cell1-1
20;agent1;1.615177;0;1.70687;Goal1;cell1-1
21;agent0;1.659921;0;1.164693;Goal1;cell1-1
21;agent1;1.641444;0;1.703995;Goal1;cell1-1
22;agent0;1.683158;0;1.183668;Goal1;cell1-1
22;agent1;1.664979;0;1.704565;Goal1;cell1-1
23;agent0;1.706792;0;1.202145;Goal1;cell1-1
23;agent1;1.687685;0;1.705266;Goal1;cell1-1
24;agent0;1.733087;0;1.216587;Goal1;cell1-1
24;agent1;1.708234;0;1.708302;Goal1;cell1-1
25;agent0;1.759155;0;1.231436;Goal1;cell1-1
25;agent1;1.731092;0;1.706849;Goal1;cell1-1
26;agent0;1.785005;0;1.246659;Goal1;cell1-1
26;agent1;1.754372;0;1.708555;Goal1;cell1-1
27;agent0;1.809482;0;1.264006;Goal1;cell1-1
27;agent1;1.776012;0;1.709062;Goal1;cell1-1
28;agent0;1.830734;0;1.27369;Goal1;cell1-1
28;agent1;1.796903;0;1.709356;Goal1;cell1-1
29;agent0;1.848109;0;1.282083;Goal1;cell1-1
29;agent1;1.817181;0;1.709589;Goal1;cell1-1
30;agent0;1.865134;0;1.290184;Goal1;cell1-1
30;agent1;1.836525;0;1.709737;Goal1;cell1-1
31;agent0;1.883003;0;1.297456;Goal1;cell1-1
31;agent1;1.855538;0;1.713117;Goal1;cell1-1
32;agent0;1.900112;0;1.304611;Goal1;cell1-1
32;agent1;1.873469;0;1.71339;Goal1;cell1-1
33;agent0;1.916374;0;1.31168;Goal1;cell1-1
33;agent1;1.890213;0;1.718613;Goal1;cell1-1
34;agent0;1.931793;0;1.318668;Goal1;cell1-1
34;agent1;1.906094;0;1.720948;Goal1;cell1-1
35;agent0;1.950337;0;1.328703;Goal1;cell1-1
35;agent1;1.923766;0;1.724853;Goal1;cell1-1
36;agent0;1.966093;0;1.33973;Goal1;cell1-1
36;agent1;1.941621;0;1.729187;Goal1;cell1-1
37;agent0;1.981263;0;1.350492;Goal1;cell1-1
37;agent1;1.960317;0;1.734036;Goal1;cell1-1
38;agent0;1.993154;0;1.362283;Goal1;cell1-1
38;agent1;1.9785;0;1.73913;Goal1;cell1-1
39;agent0;2.005258;0;1.373654;Goal1;cell1-1
39;agent1;1.995505;0;1.744166;Goal1;cell1-1
40;agent0;2.01755;0;1.384646;Goal1;cell3-1
40;agent1;2.010544;0;1.747124;Goal1;cell1-1
41;agent0;2.028574;0;1.390148;Goal1;cell3-1
41;agent1;2.026767;0;1.749355;Goal1;cell3-1
42;agent0;2.039653;0;1.395432;Goal1;cell3-1
42;agent1;2.041784;0;1.751512;Goal1;cell3-1
43;agent0;2.050675;0;1.400555;Goal1;cell3-1
43;agent1;2.057073;0;1.753945;Goal1;cell3-1
44;agent0;2.058085;0;1.406615;Goal1;cell3-1
44;agent1;2.072621;0;1.756817;Goal1;cell3-1
45;agent0;2.062319;0;1.413474;Goal1;cell3-1
45;agent1;2.088378;0;1.763004;Goal1;cell3-1
46;agent0;2.067921;0;1.419901;Goal1;cell3-1
46;agent1;2.102607;0;1.769276;Goal1;cell3-1
47;agent0;2.074458;0;1.426015;Goal1;cell3-1
47;agent1;2.115586;0;1.775642;Goal1;cell3-1
48;agent0;2.081601;0;1.431916;Goal1;cell3-1
48;agent1;2.129317;0;1.779922;Goal1;cell3-1
49;agent0;2.089336;0;1.437642;Goal1;cell3-1
49;agent1;2.141776;0;1.78152;Goal1;cell3-1
50;agent0;2.097451;0;1.443271;Goal1;cell3-1
50;agent1;2.153163;0;1.785797;Goal1;cell3-1
51;agent0;2.105709;0;1.448876;Goal1;cell3-1
51;agent1;2.163858;0;1.79022;Goal1;cell3-1
52;agent0;2.114002;0;1.454498;Goal1;cell3-1
52;agent1;2.173928;0;1.794773;Goal1;cell3-1
53;agent0;2.121311;0;1.459721;Goal1;cell3-1
53;agent1;2.183423;0;1.799443;Goal1;cell3-1
54;agent0;2.134071;0;1.467207;Goal1;cell3-1
54;agent1;2.19188;0;1.805834;Goal1;cell3-1
55;agent0;2.147619;0;1.473412;Goal1;cell3-1
55;agent1;2.200248;0;1.812141;Goal1;cell3-1
56;agent0;2.159777;0;1.480185;Goal1;cell3-1
56;agent1;2.208927;0;1.816219;Goal1;cell3-1
57;agent0;2.174366;0;1.486539;Goal1;cell3-1
57;agent1;2.216875;0;1.818095;Goal1;cell3-1
58;agent0;2.187487;0;1.493457;Goal1;cell3-1
58;agent1;2.224535;0;1.822194;Goal1;cell3-1
59;agent0;2.198315;0;1.502242;Goal1;cell3-1
59;agent1;2.232255;0;1.826367;Goal1;cell3-1
60;agent0;2.208467;0;1.511477;Goal1;cell3-1
60;agent1;2.239839;0;1.830764;Goal1;cell3-1
61;agent0;2.219192;0;1.519527;Goal1;cell3-1
61;agent1;2.246891;0;1.833816;Goal1;cell3-1
62;agent0;2.233604;0;1.53073;Goal1;cell3-1
62;agent1;2.252195;0;1.839455;Goal1;cell3-1
63;agent0;2.247473;0;1.541218;Goal1;cell3-1
63;agent1;2.258591;0;1.842963;Goal1;cell3-1
64;agent0;2.261047;0;1.550903;Goal1;cell3-1
64;agent1;2.265418;0;1.846669;Goal1;cell3-1
65;agent0;2.275795;0;1.560507;Goal1;cell3-1
65;agent1;2.272023;0;1.853005;Goal1;cell3-1
66;agent0;2.289034;0;1.570439;Goal1;cell3-1
66;agent1;2.279749;0;1.856917;Goal1;cell3-1
67;agent0;2.301153;0;1.580627;Goal1;cell3-1
67;agent1;2.287721;0;1.860876;Goal1;cell3-1
68;agent0;2.324006;0;1.59578;Goal1;cell3-1
68;agent1;2.292724;0;1.86707;Goal1;cell3-1
69;agent0;2.347766;0;1.614096;Goal1;cell3-1
69;agent1;2.297345;0;1.875723;Goal1;cell3-1
70;agent0;2.372321;0;1.627637;Goal1;cell3-1
70;agent1;2.303933;0;1.881586;Goal1;cell3-1
71;agent0;2.393633;0;1.640111;Goal1;cell3-1
71;agent1;2.316009;0;1.884968;Goal1;cell3-1
72;agent0;2.41186;0;1.652147;Goal1;cell3-1
72;agent1;2.329188;0;1.88892;Goal1;cell3-1
73;agent0;2.434443;0;1.661834;Goal1;cell3-1
73;agent1;2.33998;0;1.89517;Goal1;cell3-1
74;agent0;2.458574;0;1.677078;Goal1;cell3-1
74;agent1;2.347155;0;1.907401;Goal1;cell3-1
75;agent0;2.478786;0;1.691467;Goal1;cell3-1
75;agent1;2.357427;0;1.918265;Goal1;cell3-1
76;agent0;2.496114;0;1.714568;Goal1;cell3-1
76;agent1;2.361612;0;1.934135;Goal1;cell3-1
77;agent0;2.511989;0;1.735166;Goal1;cell3-1
77;agent1;2.371581;0;1.948363;Goal1;cell3-1
78;agent0;2.528152;0;1.754028;Goal1;cell3-1
78;agent1;2.388797;0;1.963692;Goal1;cell3-1
79;agent0;2.544131;0;1.772806;Goal1;cell3-1
79;agent1;2.406184;0;1.97945;Goal1;cell3-1
80;agent0;2.560707;0;1.791466;Goal1;cell3-1
80;agent1;2.423976;0;1.99606;Goal1;cell3-1
81;agent0;2.579654;0;1.81047;Goal1;cell3-1
81;agent1;2.437663;0;2.015036;Goal1;cell3-1
82;agent0;2.600174;0;1.829074;Goal1;cell3-1
82;agent1;2.457751;0;2.031971;Goal1;cell3-3
83;agent0;2.622042;0;1.847594;Goal1;cell3-1
83;agent1;2.479139;0;2.051472;Goal1;cell3-3
84;agent0;2.644506;0;1.866257;Goal1;cell3-1
84;agent1;2.501637;0;2.070642;Goal1;cell3-3
85;agent0;2.665824;0;1.887365;Goal1;cell3-1
85;agent1;2.524142;0;2.0899;Goal1;cell3-3
86;agent0;2.686898;0;1.908716;Goal1;cell3-1
86;agent1;2.545663;0;2.109082;Goal1;cell3-3
87;agent0;2.706977;0;1.931006;Goal1;cell3-1
87;agent1;2.567386;0;2.124885;Goal1;cell3-3
88;agent0;2.725908;0;1.954279;Goal1;cell3-1
88;agent1;2.589925;0;2.139991;Goal1;cell3-3
89;agent0;2.745062;0;1.977368;Goal1;cell3-1
89;agent1;2.614519;0;2.157171;Goal1;cell3-3
90;agent0;2.765741;0;1.999103;Goal1;cell3-1
90;agent1;2.639211;0;2.174209;Goal1;cell3-3
91;agent0;2.786054;0;2.021179;Goal1;cell3-1
91;agent1;2.664406;0;2.190495;Goal1;cell3-3
92;agent0;2.806464;0;2.043166;Goal1;cell3-3
92;agent1;2.689302;0;2.207234;Goal1;cell3-3
93;agent0;2.826419;0;2.065567;Goal1;cell3-3
93;agent1;2.714068;0;2.224164;Goal1;cell3-3
94;agent0;2.849761;0;2.084412;Goal1;cell3-3
94;agent1;2.736446;0;2.239715;Goal1;cell3-3
95;agent0;2.872005;0;2.104542;Goal1;cell3-3
95;agent1;2.761909;0;2.255514;Goal1;cell3-3
96;agent0;2.893001;0;2.12597;Goal1;cell3-3
96;agent1;2.787445;0;2.270951;Goal1;cell3-3
97;agent0;2.914838;0;2.146541;Goal1;cell3-3
97;agent1;2.813026;0;2.285931;Goal1;cell3-3
98;agent0;2.935712;0;2.168088;Goal1;cell3-3
98;agent1;2.838721;0;2.300451;Goal1;cell3-3
99;agent0;2.959019;0;2.186976;Goal1;cell3-3
99;agent1;2.865588;0;2.313798;Goal1;cell3-3
100;agent0;2.981359;0;2.206999;Goal1;cell3-3
100;agent1;2.893232;0;2.325452;Goal1;cell3-3
101;agent0;3.005796;0;2.224402;Goal1;cell3-3
101;agent1;2.921123;0;2.336502;Goal1;cell3-3
102;agent0;3.030276;0;2.241483;Goal1;cell3-3
102;agent1;2.949255;0;2.346923;Goal1;cell3-3
103;agent0;3.054252;0;2.258497;Goal1;cell3-3
103;agent1;2.974654;0;2.357212;Goal1;cell3-3
104;agent0;3.077244;0;2.275841;Goal1;cell3-3
104;agent1;2.995801;0;2.370231;Goal1;cell3-3
105;agent0;3.097294;0;2.293038;Goal1;cell3-3
105;agent1;3.017819;0;2.383752;Goal1;cell3-3
106;agent0;3.116812;0;2.31001;Goal1;cell3-3
106;agent1;3.040077;0;2.396896;Goal1;cell3-3
107;agent0;3.136432;0;2.327174;Goal1;cell3-3
107;agent1;3.059748;0;2.412729;Goal1;cell3-3
108;agent0;3.155874;0;2.34433;Goal1;cell3-3
108;agent1;3.079575;0;2.428248;Goal1;cell3-3
109;agent0;3.175813;0;2.364138;Goal1;cell3-3
109;agent1;3.099182;0;2.443132;Goal1;cell3-3
110;agent0;3.194854;0;2.383518;Goal1;cell3-3
110;agent1;3.120266;0;2.458136;Goal1;cell3-3
111;agent0;3.213535;0;2.402786;Goal1;cell3-3
111;agent1;3.141848;0;2.472996;Goal1;cell3-3
112;agent0;3.232544;0;2.422479;Goal1;cell3-3
112;agent1;3.160349;0;2.483911;Goal1;cell3-3
113;agent0;3.249006;0;2.447558;Goal1;cell3-3
113;agent1;3.176479;0;2.496555;Goal1;cell3-3
114;agent0;3.263088;0;2.47002;Goal1;cell3-3
114;agent1;3.194413;0;2.512744;Goal1;cell3-3
115;agent0;3.276489;0;2.491694;Goal1;cell3-3
115;agent1;3.212615;0;2.531931;Goal1;cell3-3
116;agent0;3.292643;0;2.512664;Goal1;cell3-3
116;agent1;3.230708;0;2.551776;Goal1;cell3-3
117;agent0;3.304959;0;2.534727;Goal1;cell3-3
117;agent1;3.243632;0;2.572245;Goal1;cell3-3
118;agent0;3.316816;0;2.556606;Goal1;cell3-3
118;agent1;3.253573;0;2.592417;Goal1;cell3-3
119;agent0;3.325157;0;2.577905;Goal1;cell3-3
119;agent1;3.262719;0;2.616506;Goal1;cell3-3
120;agent0;3.339536;0;2.596476;Goal1;cell3-3
120;agent1;3.271427;0;2.641029;Goal1;cell3-3
121;agent0;3.35099;0;2.620242;Goal1;cell3-3
121;agent1;3.2816;0;2.663224;Goal1;cell3-3
122;agent0;3.360299;0;2.640919;Goal1;cell3-3
122;agent1;3.295631;0;2.688501;Goal1;cell3-3
123;agent0;3.374006;0;2.658832;Goal1;cell3-3
123;agent1;3.312852;0;2.713066;Goal1;cell3-3
124;agent0;3.389486;0;2.678838;Goal1;cell3-3
124;agent1;3.329906;0;2.735507;Goal1;cell3-3
125;agent0;3.40118;0;2.700922;Goal1;cell3-3
125;agent1;3.349912;0;2.757862;Goal1;cell3-3
126;agent0;3.413723;0;2.721116;Goal1;cell3-3
126;agent1;3.372491;0;2.777615;Goal1;cell3-3
127;agent0;3.42844;0;2.739357;Goal1;cell3-3
127;agent1;3.396538;0;2.795553;Goal1;cell3-3
128;agent0;3.4482;0;2.756218;Goal1;cell3-3
128;agent1;3.418224;0;2.809426;Goal1;cell3-3
129;agent0;3.46781;0;2.773696;Goal1;cell3-3
129;agent1;3.437579;0;2.824236;Goal1;cell3-3
130;agent0;3.485627;0;2.790538;Goal1;cell3-3
130;agent1;3.456604;0;2.842815;Goal1;cell3-3
131;agent0;3.503714;0;2.808188;Goal1;cell3-3
131;agent1;3.47814;0;2.860531;Goal1;cell3-3
132;agent0;3.522519;0;2.8269;Goal1;cell3-3
132;agent1;3.498014;0;2.877379;Goal1;cell3-3
133;agent0;3.540326;0;2.83916;Goal1;cell3-3
133;agent1;3.517995;0;2.894425;Goal1;cell3-3
134;agent0;3.56008;0;2.8524;Goal1;cell3-3
134;agent1;3.5355;0;2.910675;Goal1;cell3-3
135;agent0;3.579454;0;2.865964;Goal1;cell3-3
135;agent1;3.55365;0;2.927356;Goal1;cell3-3
136;agent0;3.598474;0;2.880064;Goal1;cell3-3
136;agent1;3.571728;0;2.944152;Goal1;cell3-3
137;agent0;3.62076;0;2.899119;Goal1;cell3-3
137;agent1;3.589529;0;2.959142;Goal1;cell3-3
138;agent0;3.643746;0;2.916913;Goal1;cell3-3
138;agent1;3.612099;0;2.975202;Goal1;cell3-3
139;agent0;3.668447;0;2.933939;Goal1;cell3-3
139;agent1;3.634191;0;2.991694;Goal1;cell3-3
140;agent0;3.692972;0;2.951217;Goal1;cell3-3
140;agent1;3.655607;0;3.009749;Goal1;cell3-3
141;agent0;3.716595;0;2.969709;Goal1;cell3-3
141;agent1;3.677376;0;3.028157;Goal1;cell3-3
142;agent0;3.740062;0;2.988399;Goal1;cell3-3
142;agent1;3.700046;0;3.046815;Goal1;cell3-3
143;agent0;3.764511;0;3.005784;Goal1;cell3-3
143;agent1;3.723061;0;3.063204;Goal1;cell3-3
144;agent0;3.78892;0;3.023226;Goal1;cell3-3
144;agent1;3.747457;0;3.078974;Goal1;cell3-3
145;agent0;3.813305;0;3.0407;Goal1;cell3-3
145;agent1;3.772714;0;3.094853;Goal1;cell3-3
146;agent0;3.837965;0;3.057785;Goal1;cell3-3
146;agent1;3.797702;0;3.110184;Goal1;cell3-3
147;agent0;3.862613;0;3.074887;Goal1;cell3-3
147;agent1;3.823433;0;3.125415;Goal1;cell3-3
148;agent0;3.887212;0;3.092059;Goal1;cell3-3
148;agent1;3.844757;0;3.141464;Goal1;cell3-3
149;agent0;3.911551;0;3.109597;Goal1;cell3-3
149;agent1;3.866796;0;3.159734;Goal1;cell3-3
150;agent0;3.935261;0;3.127979;Goal1;cell3-3
150;agent1;3.887336;0;3.177778;Goal1;cell3-3
151;agent0;3.955881;0;3.145961;Goal1;cell3-3
151;agent1;3.907192;0;3.200266;Goal1;cell3-3
152;agent0;3.976644;0;3.165164;Goal1;cell3-3
152;agent1;3.926682;0;3.222713;Goal1;cell3-3
153;agent0;3.99807;0;3.185221;Goal1;cell3-3
153;agent1;3.945634;0;3.244501;Goal1;cell3-3
154;agent0;4.019588;0;3.205466;Goal1;cell3-3
154;agent1;3.964818;0;3.266255;Goal1;cell3-3
155;agent0;4.040208;0;3.227257;Goal1;cell5-3
155;agent1;3.984319;0;3.288052;Goal1;cell3-3
156;agent0;4.065995;0;3.240436;Goal1;cell5-3
156;agent1;4.003195;0;3.303874;Goal1;cell3-3
157;agent0;4.090755;0;3.251365;Goal1;cell5-3
157;agent1;4.022193;0;3.32051;Goal1;cell5-3
158;agent0;4.113201;0;3.264448;Goal1;cell5-3
158;agent1;4.043993;0;3.340549;Goal1;cell5-3
159;agent0;4.137113;0;3.278461;Goal1;cell5-3
159;agent1;4.065542;0;3.359972;Goal1;cell5-3
160;agent0;4.160974;0;3.291889;Goal1;cell5-3
160;agent1;4.08687;0;3.379301;Goal1;cell5-3
161;agent0;4.185275;0;3.305543;Goal1;cell5-3
161;agent1;4.109245;0;3.398682;Goal1;cell5-3
162;agent0;4.210009;0;3.321076;Goal1;cell5-3
162;agent1;4.128741;0;3.417864;Goal1;cell5-3
163;agent0;4.234519;0;3.333133;Goal1;cell5-3
163;agent1;4.147727;0;3.437298;Goal1;cell5-3
164;agent0;4.260259;0;3.34159;Goal1;cell5-3
164;agent1;4.16677;0;3.457024;Goal1;cell5-3
165;agent0;4.286358;0;3.350139;Goal1;cell5-3
165;agent1;4.185592;0;3.476936;Goal1;cell5-3
166;agent0;4.312599;0;3.358676;Goal1;cell5-3
166;agent1;4.202098;0;3.497183;Goal1;cell5-3
167;agent0;4.338611;0;3.366924;Goal1;cell5-3
167;agent1;4.218751;0;3.518164;Goal1;cell5-3
168;agent0;4.359634;0;3.375578;Goal1;cell5-3
168;agent1;4.236259;0;3.539498;Goal1;cell5-3
169;agent0;4.381449;0;3.384444;Goal1;cell5-3
169;agent1;4.253252;0;3.56104;Goal1;cell5-3
170;agent0;4.404216;0;3.393534;Goal1;cell5-3
170;agent1;4.269714;0;3.583965;Goal1;cell5-3
171;agent0;4.427511;0;3.402541;Goal1;cell5-3
171;agent1;4.285911;0;3.606941;Goal1;cell5-3
172;agent0;4.449729;0;3.415212;Goal1;cell5-3
172;agent1;4.301874;0;3.629897;Goal1;cell5-3
173;agent0;4.471757;0;3.427583;Goal1;cell5-3
173;agent1;4.318395;0;3.652353;Goal1;cell5-3
174;agent0;4.492313;0;3.441911;Goal1;cell5-3
174;agent1;4.335865;0;3.674696;Goal1;cell5-3
175;agent0;4.514292;0;3.456425;Goal1;cell5-3
175;agent1;4.353084;0;3.696949;Goal1;cell5-3
176;agent0;4.537499;0;3.475436;Goal1;cell5-3
176;agent1;4.369976;0;3.719903;Goal1;cell5-3
177;agent0;4.562225;0;3.492425;Goal1;cell5-3
177;agent1;4.387135;0;3.74298;Goal1;cell5-3
178;agent0;4.587053;0;3.509264;Goal1;cell5-3
178;agent1;4.405008;0;3.76184;Goal1;cell5-3
179;agent0;4.613295;0;3.522903;Goal1;cell5-3
179;agent1;4.42031;0;3.782826;Goal1;cell5-3
180;agent0;4.63994;0;3.532104;Goal1;cell5-3
180;agent1;4.43897;0;3.804519;Goal1;cell5-3
181;agent0;4.667098;0;3.544852;Goal1;cell5-3
181;agent1;4.46052;0;3.825391;Goal1;cell5-3
182;agent0;4.694158;0;3.557802;Goal1;cell5-3
182;agent1;4.481477;0;3.845071;Goal1;cell5-3
183;agent0;4.719661;0;3.573601;Goal1;cell5-3
183;agent1;4.504542;0;3.864254;Goal1;cell5-3
184;agent0;4.745131;0;3.589451;Goal1;cell5-3
184;agent1;4.52762;0;3.883422;Goal1;cell5-3
185;agent0;4.770435;0;3.605567;Goal1;cell5-3
185;agent1;4.55089;0;3.902356;Goal1;cell5-3
186;agent0;4.795568;0;3.621949;Goal1;cell5-3
186;agent1;4.573852;0;3.921663;Goal1;cell5-3
187;agent0;4.817164;0;3.638617;Goal1;cell5-3
187;agent1;4.596048;0;3.941846;Goal1;cell5-3
188;agent0;4.839066;0;3.65704;Goal1;cell5-3
188;agent1;4.618373;0;3.961885;Goal1;cell5-3
189;agent0;4.861463;0;3.676045;Goal1;cell5-3
189;agent1;4.640689;0;3.981935;Goal1;cell5-3
190;agent0;4.884247;0;3.695562;Goal1;cell5-3
190;agent1;4.663022;0;4.001966;Goal1;cell5-3
191;agent0;4.907166;0;3.712539;Goal1;cell5-3
191;agent1;4.685189;0;4.022181;Goal1;cell5-5
192;agent0;4.928267;0;3.730955;Goal1;cell5-3
192;agent1;4.70493;0;4.04477;Goal1;cell5-5
193;agent0;4.948625;0;3.748388;Goal1;cell5-3
193;agent1;4.72584;0;4.066283;Goal1;cell5-5
194;agent0;4.969263;0;3.766546;Goal1;cell5-3
194;agent1;4.746134;0;4.088376;Goal1;cell5-5
195;agent0;4.989173;0;3.788987;Goal1;cell5-3
195;agent1;4.76694;0;4.109989;Goal1;cell5-5
196;agent0;5.007978;0;3.812361;Goal1;cell5-3
196;agent1;4.787828;0;4.131523;Goal1;cell5-5
197;agent0;5.027671;0;3.834993;Goal1;cell5-3
197;agent1;4.80996;0;4.151776;Goal1;cell5-5
198;agent0;5.046817;0;3.858089;Goal1;cell5-3
198;agent1;4.832195;0;4.171916;Goal1;cell5-5
199;agent0;5.066881;0;3.880392;Goal1;cell5-3
199;agent1;4.852895;0;4.191469;Goal1;cell5-5
200;agent0;5.084696;0;3.90453;Goal1;cell5-3
200;agent1;4.873296;0;4.210465;Goal1;cell5-5
201;agent0;5.102649;0;3.928565;Goal1;cell5-3
201;agent1;4.893307;0;4.228851;Goal1;cell5-5
202;agent0;5.118399;0;3.954098;Goal1;cell5-3
202;agent1;4.913591;0;4.247164;Goal1;cell5-5
203;agent0;5.13524;0;3.978925;Goal1;cell5-3
203;agent1;4.930907;0;4.264656;Goal1;cell5-5
204;agent0;5.1485;0;4.005835;Goal1;cell5-3
204;agent1;4.946953;0;4.284596;Goal1;cell5-5
205;agent0;5.160937;0;4.033135;Goal1;cell5-5
205;agent1;4.965308;0;4.304933;Goal1;cell5-5
206;agent0;5.172452;0;4.060838;Goal1;cell5-5
206;agent1;4.986008;0;4.325658;Goal1;cell5-5
207;agent0;5.190811;0;4.084564;Goal1;cell5-5
207;agent1;5.004675;0;4.342356;Goal1;cell5-5
208;agent0;5.211946;0;4.105855;Goal1;cell5-5
208;agent1;5.023493;0;4.359017;Goal1;cell5-5
209;agent0;5.232751;0;4.127469;Goal1;cell5-5
209;agent1;5.043073;0;4.375769;Goal1;cell5-5
210;agent0;5.250753;0;4.151406;Goal1;cell5-5
210;agent1;5.062873;0;4.392566;Goal1;cell5-5
211;agent0;5.2719;0;4.172685;Goal1;cell5-5
211;agent1;5.078659;0;4.409068;Goal1;cell5-5
212;agent0;5.289763;0;4.196787;Goal1;cell5-5
212;agent1;5.094875;0;4.426025;Goal1;cell5-5
213;agent0;5.309289;0;4.219563;Goal1;cell5-5
213;agent1;5.114685;0;4.443328;Goal1;cell5-5
214;agent0;5.329191;0;4.242012;Goal1;cell5-5
214;agent1;5.13475;0;4.461297;Goal1;cell5-5
215;agent0;5.349177;0;4.264384;Goal1;cell5-5
215;agent1;5.155051;0;4.480338;Goal1;cell5-5
216;agent0;5.368956;0;4.286942;Goal1;cell5-5
216;agent1;5.175529;0;4.500459;Goal1;cell5-5
217;agent0;5.388896;0;4.309355;Goal1;cell5-5
217;agent1;5.196081;0;4.521252;Goal1;cell5-5
218;agent0;5.40819;0;4.332328;Goal1;cell5-5
218;agent1;5.218258;0;4.541455;Goal1;cell5-5
219;agent0;5.428006;0;4.354852;Goal1;cell5-5
219;agent1;5.240336;0;4.561766;Goal1;cell5-5
220;agent0;5.447506;0;4.377649;Goal1;cell5-5
220;agent1;5.262361;0;4.582136;Goal1;cell5-5
221;agent0;5.465836;0;4.401399;Goal1;cell5-5
221;agent1;5.284148;0;4.602759;Goal1;cell5-5
222;agent0;5.487591;0;4.422056;Goal1;cell5-5
222;agent1;5.306732;0;4.622506;Goal1;cell5-5
223;agent0;5.508307;0;4.443754;Goal1;cell5-5
223;agent1;5.329434;0;4.642118;Goal1;cell5-5
224;agent0;5.528754;0;4.465707;Goal1;cell5-5
224;agent1;5.352557;0;4.659913;Goal1;cell5-5
225;agent0;5.548456;0;4.48833;Goal1;cell5-5
225;agent1;5.377162;0;4.677077;Goal1;cell5-5
226;agent0;5.567889;0;4.511186;Goal1;cell5-5
226;agent1;5.401837;0;4.694139;Goal1;cell5-5
227;agent0;5.587044;0;4.534275;Goal1;cell5-5
227;agent1;5.426777;0;4.710812;Goal1;cell5-5
228;agent0;5.608163;0;4.555581;Goal1;cell5-5
228;agent1;5.451632;0;4.727612;Goal1;cell5-5
229;agent0;5.628827;0;4.57733;Goal1;cell5-5
229;agent1;5.476193;0;4.744839;Goal1;cell5-5
230;agent0;5.649278;0;4.599279;Goal1;cell5-5
230;agent1;5.501525;0;4.760911;Goal1;cell5-5
231;agent0;5.669511;0;4.621429;Goal1;cell5-5
231;agent1;5.526834;0;4.777017;Goal1;cell5-5
232;agent0;5.689626;0;4.643686;Goal1;cell5-5
232;agent1;5.551268;0;4.79362;Goal1;cell5-5
233;agent0;5.709557;0;4.666109;Goal1;cell5-5
233;agent1;5.576673;0;4.809576;Goal1;cell5-5
234;agent0;5.730627;0;4.687465;Goal1;cell5-5
234;agent1;5.603008;0;4.823944;Goal1;cell5-5
235;agent0;5.751482;0;4.70903;Goal1;cell5-5
235;agent1;5.628091;0;4.840402;Goal1;cell5-5
236;agent0;5.773161;0;4.729767;Goal1;cell5-5
236;agent1;5.653446;0;4.856438;Goal1;cell5-5
237;agent0;5.79459;0;4.750762;Goal1;cell5-5
237;agent1;5.679406;0;4.871473;Goal1;cell5-5
238;agent0;5.817688;0;4.769905;Goal1;cell5-5
238;agent1;5.705609;0;4.88608;Goal1;cell5-5
239;agent0;5.841388;0;4.788299;Goal1;cell5-5
239;agent1;5.723145;0;4.904871;Goal1;cell5-5
240;agent0;5.86524;0;4.806495;Goal1;cell5-5
240;agent1;5.741219;0;4.924348;Goal1;cell5-5
241;agent0;5.888952;0;4.824872;Goal1;cell5-5
241;agent1;5.762337;0;4.945588;Goal1;cell5-5
242;agent0;5.914259;0;4.840982;Goal1;cell5-5
242;agent1;5.781126;0;4.966577;Goal1;cell5-5
243;agent0;5.939293;0;4.857514;Goal1;cell5-5
243;agent1;5.800117;0;4.987813;Goal1;cell5-5
244;agent0;5.964108;0;4.873793;Goal1;cell5-5
244;agent1;5.819255;0;5.008913;Goal1;cell5-5
245;agent0;5.98776;0;4.892248;Goal1;cell5-5
245;agent1;5.837331;0;5.027894;Goal1;cell5-5
246;agent0;6.011816;0;4.910173;Goal1;cell5-5
246;agent1;5.855831;0;5.04723;Goal1;cell5-5
247;agent0;6.035486;0;4.928494;Goal1;cell7-5
247;agent1;5.874556;0;5.068738;Goal1;cell5-5
248;agent0;6.059144;0;4.946405;Goal1;cell7-5
248;agent1;5.894935;0;5.08845;Goal1;cell5-5
249;agent0;6.082625;0;4.965077;Goal1;cell7-5
249;agent1;5.915654;0;5.108096;Goal1;cell5-5
250;agent0;6.106308;0;4.983492;Goal1;cell7-5
250;agent1;5.938548;0;5.127483;Goal1;cell5-5
251;agent0;6.129449;0;5.002584;Goal1;cell7-5
251;agent1;5.961198;0;5.147155;Goal1;cell5-5
252;agent0;6.151458;0;5.022971;Goal1;cell7-5
252;agent1;5.984123;0;5.166392;Goal1;cell5-5
253;agent0;6.173429;0;5.043398;Goal1;cell7-5
253;agent1;6.007418;0;5.185297;Goal1;cell5-5
254;agent0;6.195353;0;5.063876;Goal1;cell7-5
254;agent1;6.025602;0;5.209157;Goal1;cell7-5
255;agent0;6.217288;0;5.084342;Goal1;cell7-5
255;agent1;6.04761;0;5.229545;Goal1;cell7-5
256;agent0;6.238514;0;5.105542;Goal1;cell7-5
256;agent1;6.067603;0;5.251912;Goal1;cell7-5
257;agent0;6.258599;0;5.127826;Goal1;cell7-5
257;agent1;6.087293;0;5.274546;Goal1;cell7-5
258;agent0;6.278816;0;5.149991;Goal1;cell7-5
258;agent1;6.106919;0;5.297235;Goal1;cell7-5
259;agent0;6.300135;0;5.171098;Goal1;cell7-5
259;agent1;6.128387;0;5.318191;Goal1;cell7-5
260;agent0;6.321413;0;5.192246;Goal1;cell7-5
260;agent1;6.15009;0;5.338902;Goal1;cell7-5
261;agent0;6.342572;0;5.213513;Goal1;cell7-5
261;agent1;6.171944;0;5.359454;Goal1;cell7-5
262;agent0;6.363576;0;5.234933;Goal1;cell7-5
262;agent1;6.190178;0;5.382284;Goal1;cell7-5
263;agent0;6.384384;0;5.256545;Goal1;cell7-5
263;agent1;6.208472;0;5.405031;Goal1;cell7-5
264;agent0;6.404215;0;5.279055;Goal1;cell7-5
264;agent1;6.225768;0;5.427061;Goal1;cell7-5
265;agent0;6.425219;0;5.300476;Goal1;cell7-5
265;agent1;6.239802;0;5.450118;Goal1;cell7-5
266;agent0;6.44579;0;5.321832;Goal1;cell7-5
266;agent1;6.254132;0;5.473477;Goal1;cell7-5
267;agent0;6.46548;0;5.342432;Goal1;cell7-5
267;agent1;6.271052;0;5.49825;Goal1;cell7-5
268;agent0;6.484851;0;5.362836;Goal1;cell7-5
268;agent1;6.288057;0;5.522965;Goal1;cell7-5
269;agent0;6.504001;0;5.383079;Goal1;cell7-5
269;agent1;6.305141;0;5.547626;Goal1;cell7-5
270;agent0;6.521643;0;5.402832;Goal1;cell7-5
270;agent1;6.322325;0;5.572217;Goal1;cell7-5
271;agent0;6.540161;0;5.424117;Goal1;cell7-5
271;agent1;6.337873;0;5.595929;Goal1;cell7-5
272;agent0;6.55825;0;5.445185;Goal1;cell7-5
272;agent1;6.353594;0;5.619485;Goal1;cell7-5
273;agent0;6.57584;0;5.466065;Goal1;cell7-5
273;agent1;6.371005;0;5.643916;Goal1;cell7-5
274;agent0;6.593044;0;5.486956;Goal1;cell7-5
274;agent1;6.388474;0;5.668305;Goal1;cell7-5
275;agent0;6.609846;0;5.507878;Goal1;cell7-5
275;agent1;6.404768;0;5.692947;Goal1;cell7-5
276;agent0;6.627481;0;5.530432;Goal1;cell7-5
276;agent1;6.420815;0;5.717576;Goal1;cell7-5
277;agent0;6.644637;0;5.552821;Goal1;cell7-5
277;agent1;6.438578;0;5.741752;Goal1;cell7-5
278;agent0;6.660286;0;5.575032;Goal1;cell7-5
278;agent1;6.456517;0;5.765798;Goal1;cell7-5
279;agent0;6.676075;0;5.597782;Goal1;cell7-5
279;agent1;6.474052;0;5.789068;Goal1;cell7-5
280;agent0;6.692079;0;5.620637;Goal1;cell7-5
280;agent1;6.491628;0;5.810189;Goal1;cell7-5
281;agent0;6.708273;0;5.643436;Goal1;cell7-5
281;agent1;6.509611;0;5.829909;Goal1;cell7-5
282;agent0;6.726695;0;5.660485;Goal1;cell7-5
282;agent1;6.532465;0;5.849343;Goal1;cell7-5
283;agent0;6.7433;0;5.678469;Goal1;cell7-5
283;agent1;6.556602;0;5.867159;Goal1;cell7-5
284;agent0;6.762694;0;5.701213;Goal1;cell7-5
284;agent1;6.577246;0;5.888927;Goal1;cell7-5
285;agent0;6.781746;0;5.724387;Goal1;cell7-5
285;agent1;6.59818;0;5.910416;Goal1;cell7-5
286;agent0;6.801028;0;5.74737;Goal1;cell7-5
286;agent1;6.618797;0;5.932209;Goal1;cell7-5
287;agent0;6.820417;0;5.770262;Goal1;cell7-5
287;agent1;6.640338;0;5.95309;Goal1;cell7-5
288;agent0;6.842685;0;5.790366;Goal1;cell7-5
288;agent1;6.662208;0;5.973625;Goal1;cell7-5
289;agent0;6.865134;0;5.810267;Goal1;cell7-5
289;agent1;6.683644;0;5.994613;Goal1;cell7-5
290;agent0;6.88774;0;5.829989;Goal1;cell7-5
290;agent1;6.704751;0;6.015932;Goal1;cell7-5
291;agent0;6.910971;0;5.848971;Goal1;cell7-5
291;agent1;6.72566;0;6.037446;Goal1;cell7-7
292;agent0;6.93379;0;5.868447;Goal1;cell7-5
292;agent1;6.746954;0;6.058578;Goal1;cell7-7
293;agent0;6.956761;0;5.887743;Goal1;cell7-5
293;agent1;6.767272;0;6.08065;Goal1;cell7-7
294;agent0;6.97819;0;5.908738;Goal1;cell7-5
294;agent1;6.78749;0;6.102813;Goal1;cell7-7
295;agent0;6.999477;0;5.929877;Goal1;cell7-5
295;agent1;6.809092;0;6.12363;Goal1;cell7-7
296;agent0;7.021262;0;5.950503;Goal1;cell7-5
296;agent1;6.830799;0;6.144338;Goal1;cell7-7
297;agent0;7.042042;0;5.97214;Goal1;cell7-5
297;agent1;6.853193;0;6.164301;Goal1;cell7-7
298;agent0;7.062698;0;5.993896;Goal1;cell7-5
298;agent1;6.875759;0;6.184069;Goal1;cell7-7
299;agent0;7.084984;0;6.013979;Goal1;cell7-5
299;agent1;6.896634;0;6.205615;Goal1;cell7-7
300;agent0;7.107436;0;6.033877;Goal1;cell7-7
300;agent1;6.915663;0;6.228807;Goal1;cell7-7
301;agent0;7.130633;0;6.0529;Goal1;cell7-7
301;agent1;6.935742;0;6.248554;Goal1;cell7-7
302;agent0;7.155046;0;6.070337;Goal1;cell7-7
302;agent1;6.955712;0;6.267948;Goal1;cell7-7
303;agent0;7.176854;0;6.090938;Goal1;cell7-7
303;agent1;6.973342;0;6.286632;Goal1;cell7-7
304;agent0;7.197173;0;6.113008;Goal1;cell7-7
304;agent1;6.991179;0;6.305369;Goal1;cell7-7
305;agent0;7.217115;0;6.13458;Goal1;cell7-7
305;agent1;7.009226;0;6.32408;Goal1;cell7-7
306;agent0;7.235787;0;6.156389;Goal1;cell7-7
306;agent1;7.02859;0;6.342566;Goal1;cell7-7
307;agent0;7.253824;0;6.178103;Goal1;cell7-7
307;agent1;7.04853;0;6.360156;Goal1;cell7-7
308;agent0;7.271453;0;6.202377;Goal1;cell7-7
308;agent1;7.068749;0;6.377542;Goal1;cell7-7
309;agent0;7.290875;0;6.224169;Goal1;cell7-7
309;agent1;7.08945;0;6.394948;Goal1;cell7-7
310;agent0;7.309874;0;6.246764;Goal1;cell7-7
310;agent1;7.106159;0;6.41115;Goal1;cell7-7
311;agent0;7.327651;0;6.268626;Goal1;cell7-7
311;agent1;7.123379;0;6.427734;Goal1;cell7-7
312;agent0;7.344775;0;6.293193;Goal1;cell7-7
312;agent1;7.141023;0;6.444464;Goal1;cell7-7
313;agent0;7.36107;0;6.317307;Goal1;cell7-7
313;agent1;7.159022;0;6.461024;Goal1;cell7-7
314;agent0;7.374624;0;6.340481;Goal1;cell7-7
314;agent1;7.180854;0;6.479846;Goal1;cell7-7
315;agent0;7.384731;0;6.365252;Goal1;cell7-7
315;agent1;7.202871;0;6.49831;Goal1;cell7-7
316;agent0;7.394878;0;6.390612;Goal1;cell7-7
316;agent1;7.224993;0;6.516596;Goal1;cell7-7
317;agent0;7.409145;0;6.413907;Goal1;cell7-7
317;agent1;7.247261;0;6.535045;Goal1;cell7-7
318;agent0;7.426053;0;6.434312;Goal1;cell7-7
318;agent1;7.269808;0;6.553802;Goal1;cell7-7
319;agent0;7.441569;0;6.455121;Goal1;cell7-7
319;agent1;7.292586;0;6.572562;Goal1;cell7-7
320;agent0;7.457789;0;6.476529;Goal1;cell7-7
320;agent1;7.3049;0;6.593756;Goal1;cell7-7
321;agent0;7.474107;0;6.500961;Goal1;cell7-7
321;agent1;7.318039;0;6.614024;Goal1;cell7-7
322;agent0;7.488118;0;6.52485;Goal1;cell7-7
322;agent1;7.335101;0;6.637123;Goal1;cell7-7
323;agent0;7.502099;0;6.54918;Goal1;cell7-7
323;agent1;7.353238;0;6.657241;Goal1;cell7-7
324;agent0;7.516554;0;6.570549;Goal1;cell7-7
324;agent1;7.373415;0;6.674311;Goal1;cell7-7
325;agent0;7.530578;0;6.589958;Goal1;cell7-7
325;agent1;7.393836;0;6.689714;Goal1;cell7-7
326;agent0;7.544218;0;6.608724;Goal1;cell7-7
326;agent1;7.414969;0;6.705088;Goal1;cell7-7
327;agent0;7.559875;0;6.624489;Goal1;cell7-7
327;agent1;7.436512;0;6.719977;Goal1;cell7-7
328;agent0;7.576055;0;6.64047;Goal1;cell7-7
328;agent1;7.457379;0;6.737671;Goal1;cell7-7
329;agent0;7.593226;0;6.65686;Goal1;cell7-7
329;agent1;7.477878;0;6.751699;Goal1;cell7-7
330;agent0;7.611132;0;6.673208;Goal1;cell7-7
330;agent1;7.497353;0;6.76744;Goal1;cell7-7
331;agent0;7.630524;0;6.692793;Goal1;cell7-7
331;agent1;7.516994;0;6.783853;Goal1;cell7-7
332;agent0;7.647579;0;6.712063;Goal1;cell7-7
332;agent1;7.535861;0;6.805924;Goal1;cell7-7
333;agent0;7.665209;0;6.731962;Goal1;cell7-7
333;agent1;7.554554;0;6.828431;Goal1;cell7-7
334;agent0;7.683168;0;6.752402;Goal1;cell7-7
334;agent1;7.573168;0;6.851256;Goal1;cell7-7
335;agent0;7.701281;0;6.773336;Goal1;cell7-7
335;agent1;7.591715;0;6.873544;Goal1;cell7-7
336;agent0;7.715908;0;6.794994;Goal1;cell7-7
336;agent1;7.610427;0;6.896265;Goal1;cell7-7
337;agent0;7.730669;0;6.817456;Goal1;cell7-7
337;agent1;7.627227;0;6.920381;Goal1;cell7-7
338;agent0;7.745298;0;6.843647;Goal1;cell7-7
338;agent1;7.643995;0;6.944854;Goal1;cell7-7
339;agent0;7.758909;0;6.870382;Goal1;cell7-7
339;agent1;7.663504;0;6.967644;Goal1;cell7-7
340;agent0;7.772214;0;6.894691;Goal1;cell7-7
340;agent1;7.680864;0;6.992111;Goal1;cell7-7
341;agent0;7.787991;0;6.916385;Goal1;cell7-7
341;agent1;7.697319;0;7.017196;Goal1;cell7-7
342;agent0;7.804109;0;6.938904;Goal1;cell7-7
342;agent1;7.714527;0;7.04093;Goal1;cell7-7
343;agent0;7.820697;0;6.958386;Goal1;cell7-7
343;agent1;7.731565;0;7.064767;Goal1;cell7-7
344;agent0;7.837011;0;6.97622;Goal1;cell7-7
344;agent1;7.747879;0;7.088267;Goal1;cell7-7
345;agent0;7.853881;0;6.994693;Goal1;cell7-7
345;agent1;7.76322;0;7.111357;Goal1;cell7-7
346;agent0;7.872564;0;7.016415;Goal1;cell7-7
346;agent1;7.777696;0;7.129276;Goal1;cell7-7
347;agent0;7.890302;0;7.037776;Goal1;cell7-7
347;agent1;7.800992;0;7.148118;Goal1;cell7-7
348;agent0;7.907619;0;7.060432;Goal1;cell7-7
348;agent1;7.822744;0;7.166323;Goal1;cell7-7
349;agent0;7.928096;0;7.082356;Goal1;cell7-7
349;agent1;7.844625;0;7.184896;Goal1;cell7-7
350;agent0;7.948194;0;7.10463;Goal1;cell7-7
350;agent1;7.863973;0;7.206291;Goal1;cell7-7
351;agent0;7.968207;0;7.126979;Goal1;cell7-7
351;agent1;7.88477;0;7.224931;Goal1;cell7-7
352;agent0;7.988012;0;7.149512;Goal1;cell7-7
352;agent1;7.905478;0;7.243917;Goal1;cell7-7
353;agent0;8.007548;0;7.172279;Goal1;cell7-7
353;agent1;7.928372;0;7.263218;Goal1;cell7-7
354;agent0;8.027035;0;7.195089;Goal1;cell9-7
354;agent1;7.951394;0;7.282454;Goal1;cell7-7
355;agent0;8.048277;0;7.216273;Goal1;cell9-7
355;agent1;7.973145;0;7.301117;Goal1;cell7-7
356;agent0;8.071893;0;7.234775;Goal1;cell9-7
356;agent1;7.996536;0;7.319902;Goal1;cell7-7
357;agent0;8.09566;0;7.253081;Goal1;cell9-7
357;agent1;8.020128;0;7.338433;Goal1;cell7-7
358;agent0;8.11985;0;7.270824;Goal1;cell9-7
358;agent1;8.042621;0;7.357117;Goal1;cell9-7
359;agent0;8.143912;0;7.288741;Goal1;cell9-7
359;agent1;8.06564;0;7.375738;Goal1;cell9-7
360;agent0;8.167171;0;7.307689;Goal1;cell9-7
360;agent1;8.089149;0;7.394191;Goal1;cell9-7
361;agent0;8.191814;0;7.324798;Goal1;cell9-7
361;agent1;8.113044;0;7.41233;Goal1;cell9-7
362;agent0;8.21492;0;7.343933;Goal1;cell9-7
362;agent1;8.132009;0;7.431544;Goal1;cell9-7
363;agent0;8.237989;0;7.363111;Goal1;cell9-7
363;agent1;8.151596;0;7.450579;Goal1;cell9-7
364;agent0;8.261085;0;7.382258;Goal1;cell9-7
364;agent1;8.170811;0;7.467126;Goal1;cell9-7
365;agent0;8.283411;0;7.402296;Goal1;cell9-7
365;agent1;8.185973;0;7.485413;Goal1;cell9-7
366;agent0;8.306042;0;7.42199;Goal1;cell9-7
366;agent1;8.202317;0;7.504485;Goal1;cell9-7
367;agent0;8.329124;0;7.441153;Goal1;cell9-7
367;agent1;8.216314;0;7.526321;Goal1;cell9-7
368;agent0;8.349108;0;7.458539;Goal1;cell9-7
368;agent1;8.230885;0;7.548246;Goal1;cell9-7
369;agent0;8.367505;0;7.477854;Goal1;cell9-7
369;agent1;8.243281;0;7.568267;Goal1;cell9-7
370;agent0;8.385586;0;7.493953;Goal1;cell9-7
370;agent1;8.254356;0;7.587315;Goal1;cell9-7
371;agent0;8.403308;0;7.509577;Goal1;cell9-7
371;agent1;8.270943;0;7.609256;Goal1;cell9-7
372;agent0;8.421679;0;7.525857;Goal1;cell9-7
372;agent1;8.289573;0;7.627042;Goal1;cell9-7
373;agent0;8.440589;0;7.544472;Goal1;cell9-7
373;agent1;8.30519;0;7.646873;Goal1;cell9-7
374;agent0;8.458962;0;7.562455;Goal1;cell9-7
374;agent1;8.324841;0;7.668397;Goal1;cell9-7
375;agent0;8.477143;0;7.581538;Goal1;cell9-7
375;agent1;8.341231;0;7.693525;Goal1;cell9-7
376;agent0;8.492284;0;7.599657;Goal1;cell9-7
376;agent1;8.35694;0;7.719083;Goal1;cell9-7
377;agent0;8.508326;0;7.618755;Goal1;cell9-7
377;agent1;8.369733;0;7.745368;Goal1;cell9-7
378;agent0;8.524728;0;7.638383;Goal1;cell9-7
378;agent1;8.382452;0;7.77135;Goal1;cell9-7
379;agent0;8.541344;0;7.658386;Goal1;cell9-7
379;agent1;8.399487;0;7.796044;Goal1;cell9-7
380;agent0;8.557702;0;7.675686;Goal1;cell9-7
380;agent1;8.420056;0;7.817883;Goal1;cell9-7
381;agent0;8.576194;0;7.696782;Goal1;cell9-7
381;agent1;8.440762;0;7.839592;Goal1;cell9-7
382;agent0;8.591454;0;7.717865;Goal1;cell9-7
382;agent1;8.460826;0;7.861895;Goal1;cell9-7
383;agent0;8.609647;0;7.738009;Goal1;cell9-7
383;agent1;8.481008;0;7.884092;Goal1;cell9-7
384;agent0;8.625301;0;7.761351;Goal1;cell9-7
384;agent1;8.500857;0;7.906586;Goal1;cell9-7
385;agent0;8.64595;0;7.783114;Goal1;cell9-7
385;agent1;8.522326;0;7.927542;Goal1;cell9-7
386;agent0;8.6666;0;7.804876;Goal1;cell9-7
386;agent1;8.543969;0;7.948315;Goal1;cell9-7
387;agent0;8.686811;0;7.825725;Goal1;cell9-7
387;agent1;8.565111;0;7.969599;Goal1;cell9-7
388;agent0;8.706572;0;7.847647;Goal1;cell9-7
388;agent1;8.588258;0;7.988684;Goal1;cell9-7
389;agent0;8.724633;0;7.870302;Goal1;cell9-7
389;agent1;8.609454;0;8.009913;Goal1;cell9-7
390;agent0;8.742708;0;7.893661;Goal1;cell9-7
390;agent1;8.630579;0;8.031215;Goal1;cell9-9
391;agent0;8.760618;0;7.917728;Goal1;cell9-7
391;agent1;8.64967;0;8.054357;Goal1;cell9-9
392;agent0;8.777804;0;7.942317;Goal1;cell9-7
392;agent1;8.668606;0;8.077625;Goal1;cell9-9
393;agent0;8.7944;0;7.967309;Goal1;cell9-7
393;agent1;8.686753;0;8.101514;Goal1;cell9-9
394;agent0;8.810376;0;7.989334;Goal1;cell9-7
394;agent1;8.705008;0;8.125321;Goal1;cell9-9
395;agent0;8.827091;0;8.008206;Goal1;cell9-7
395;agent1;8.723299;0;8.1491;Goal1;cell9-9
396;agent0;8.845751;0;8.031697;Goal1;cell9-9
396;agent1;8.741553;0;8.172907;Goal1;cell9-9
397;agent0;8.863773;0;8.05568;Goal1;cell9-9
397;agent1;8.760598;0;8.196086;Goal1;cell9-9
398;agent0;8.881844;0;8.079628;Goal1;cell9-9
398;agent1;8.780055;0;8.218921;Goal1;cell9-9
399;agent0;8.902733;0;8.10116;Goal1;cell9-9
399;agent1;8.799693;0;8.2416;Goal1;cell9-9
400;agent0;8.923562;0;8.12275;Goal1;cell9-9
400;agent1;8.818101;0;8.263948;Goal1;cell9-9
401;agent0;8.94349;0;8.145175;Goal1;cell9-9
401;agent1;8.838589;0;8.285863;Goal1;cell9-9
402;agent0;8.96317;0;8.167818;Goal1;cell9-9
402;agent1;8.859312;0;8.307554;Goal1;cell9-9
403;agent0;8.983478;0;8.1899;Goal1;cell9-9
403;agent1;8.880071;0;8.3288;Goal1;cell9-9
404;agent0;9.003008;0;8.212673;Goal1;cell9-9
404;agent1;8.90055;0;8.349249;Goal1;cell9-9
405;agent0;9.019281;0;8.237876;Goal1;cell9-9
405;agent1;8.923474;0;8.3686;Goal1;cell9-9
406;agent0;9.040307;0;8.259275;Goal1;cell9-9
406;agent1;8.946582;0;8.387733;Goal1;cell9-9
407;agent0;9.061507;0;8.280501;Goal1;cell9-9
407;agent1;8.970485;0;8.405861;Goal1;cell9-9
408;agent0;9.084627;0;8.298571;Goal1;cell9-9
408;agent1;8.995021;0;8.423123;Goal1;cell9-9
409;agent0;9.107607;0;8.316859;Goal1;cell9-9
409;agent1;9.019731;0;8.440137;Goal1;cell9-9
410;agent0;9.130111;0;8.336699;Goal1;cell9-9
410;agent1;9.045625;0;8.455117;Goal1;cell9-9
411;agent0;9.152382;0;8.356798;Goal1;cell9-9
411;agent1;9.068501;0;8.4701;Goal1;cell9-9
412;agent0;9.174424;0;8.377148;Goal1;cell9-9
412;agent1;9.091458;0;8.489413;Goal1;cell9-9
413;agent0;9.196959;0;8.396952;Goal1;cell9-9
413;agent1;9.113574;0;8.509684;Goal1;cell9-9
414;agent0;9.219455;0;8.416799;Goal1;cell9-9
414;agent1;9.136699;0;8.528795;Goal1;cell9-9
415;agent0;9.242327;0;8.436212;Goal1;cell9-9
415;agent1;9.159904;0;8.547808;Goal1;cell9-9
416;agent0;9.26534;0;8.455457;Goal1;cell9-9
416;agent1;9.183537;0;8.566286;Goal1;cell9-9
417;agent0;9.28709;0;8.476119;Goal1;cell9-9
417;agent1;9.207031;0;8.584943;Goal1;cell9-9
418;agent0;9.309159;0;8.496441;Goal1;cell9-9
418;agent1;9.230582;0;8.603526;Goal1;cell9-9
419;agent0;9.332825;0;8.514878;Goal1;cell9-9
419;agent1;9.25234;0;8.62418;Goal1;cell9-9
420;agent0;9.35637;0;8.533469;Goal1;cell9-9
420;agent1;9.273351;0;8.645594;Goal1;cell9-9
421;agent0;9.379475;0;8.552606;Goal1;cell9-9
421;agent1;9.294055;0;8.667304;Goal1;cell9-9
422;agent0;9.403882;0;8.570049;Goal1;cell9-9
422;agent1;9.315597;0;8.688184;Goal1;cell9-9
423;agent0;9.428159;0;8.587674;Goal1;cell9-9
423;agent1;9.337166;0;8.709035;Goal1;cell9-9
424;agent0;9.449664;0;8.608592;Goal1;cell9-9
424;agent1;9.357673;0;8.730931;Goal1;cell9-9
425;agent0;9.4721;0;8.628508;Goal1;cell9-9
425;agent1;9.379142;0;8.751885;Goal1;cell9-9
426;agent0;9.494317;0;8.648667;Goal1;cell9-9
426;agent1;9.400711;0;8.772737;Goal1;cell9-9
427;agent0;9.516336;0;8.669043;Goal1;cell9-9
427;agent1;9.422841;0;8.792992;Goal1;cell9-9
428;agent0;9.538543;0;8.689214;Goal1;cell9-9
428;agent1;9.444493;0;8.813757;Goal1;cell9-9
429;agent0;9.562122;0;8.707761;Goal1;cell9-9
429;agent1;9.466281;0;8.83438;Goal1;cell9-9
430;agent0;9.585547;0;8.726503;Goal1;cell9-9
430;agent1;9.488397;0;8.85465;Goal1;cell9-9
431;agent0;9.610257;0;8.743516;Goal1;cell9-9
431;agent1;9.511093;0;8.874269;Goal1;cell9-9
432;agent0;9.634861;0;8.760681;Goal1;cell9-9
432;agent1;9.533905;0;8.893752;Goal1;cell9-9
433;agent0;9.658354;0;8.779338;Goal1;cell9-9
433;agent1;9.555351;0;8.914729;Goal1;cell9-9
434;agent0;9.681527;0;8.79839;Goal1;cell9-9
434;agent1;9.579041;0;8.932243;Goal1;cell9-9
435;agent0;9.704477;0;8.817711;Goal1;cell9-9
435;agent1;9.601336;0;8.947807;Goal1;cell9-9
436;agent0;9.727271;0;8.837216;Goal1;cell9-9
436;agent1;9.623925;0;8.963625;Goal1;cell9-9
437;agent0;9.752224;0;8.85387;Goal1;cell9-9
437;agent1;9.646705;0;8.97946;Goal1;cell9-9
438;agent0;9.777384;0;8.870211;Goal1;cell9-9
438;agent1;9.669599;0;8.995124;Goal1;cell9-9
439;agent0;9.801646;0;8.887856;Goal1;cell9-9
439;agent1;9.691734;0;9.010075;Goal1;cell9-9
440;agent0;9.824615;0;8.907154;Goal1;cell9-9
440;agent1;9.711926;0;9.025966;Goal1;cell9-9
441;agent0;9.845995;0;8.9282;Goal1;cell9-9
441;agent1;9.731221;0;9.043949;Goal1;cell9-9
442;agent0;9.868139;0;8.948439;Goal1;cell9-9
442;agent1;9.751024;0;9.062997;Goal1;cell9-9
443;agent0;9.888119;0;8.969531;Goal1;cell9-9
443;agent1;9.772719;0;9.083716;Goal1;cell9-9
444;agent0;9.907078;0;8.99063;Goal1;cell9-9
444;agent1;9.791377;0;9.106883;Goal1;cell9-9
445;agent0;9.925216;0;9.009208;Goal1;cell9-9
445;agent1;9.811156;0;9.129439;Goal1;cell9-9
446;agent0;9.944426;0;9.029364;Goal1;cell9-9
446;agent1;9.830241;0;9.152172;Goal1;cell9-9
447;agent0;9.963718;0;9.049609;Goal1;cell9-9
447;agent1;9.849998;0;9.174;Goal1;cell9-9
448;agent0;9.980889;0;9.070111;Goal1;cell9-9
448;agent1;9.869513;0;9.195747;Goal1;cell9-9
449;agent0;9.998977;0;9.090961;Goal1;cell9-9
449;agent1;9.887179;0;9.216349;Goal1;cell9-9
450;agent0;10.01823;0;9.113967;Goal1;cell9-9
450;agent1;9.905564;0;9.239046;Goal1;cell9-9
451;agent0;10.03667;0;9.134848;Goal1;cell11-9
451;agent1;9.925669;0;9.261313;Goal1;cell9-9
452;agent0;10.0555;0;9.155535;Goal1;cell11-9
452;agent1;9.946856;0;9.282554;Goal1;cell9-9
453;agent0;10.0743;0;9.176368;Goal1;cell11-9
453;agent1;9.967335;0;9.304477;Goal1;cell9-9
454;agent0;10.09335;0;9.197612;Goal1;cell11-9
454;agent1;9.988503;0;9.325735;Goal1;cell9-9
455;agent0;10.11295;0;9.219164;Goal1;cell11-9
455;agent1;10.00938;0;9.346331;Goal1;cell9-9
456;agent0;10.13386;0;9.240679;Goal1;cell11-9
456;agent1;10.03004;0;9.365446;Goal1;cell11-9
457;agent0;10.15389;0;9.262452;Goal1;cell11-9
457;agent1;10.05091;0;9.384566;Goal1;cell11-9
458;agent0;10.1741;0;9.284631;Goal1;cell11-9
458;agent1;10.07345;0;9.403945;Goal1;cell11-9
459;agent0;10.19562;0;9.305532;Goal1;cell11-9
459;agent1;10.096;0;9.423071;Goal1;cell11-9
460;agent0;10.21778;0;9.325751;Goal1;cell11-9
460;agent1;10.11893;0;9.438825;Goal1;cell11-9
461;agent0;10.23899;0;9.346964;Goal1;cell11-9
461;agent1;10.14245;0;9.452292;Goal1;cell11-9
462;agent0;10.25793;0;9.37023;Goal1;cell11-9
462;agent1;10.1604;0;9.468123;Goal1;cell11-9
463;agent0;10.27611;0;9.393548;Goal1;cell11-9
463;agent1;10.18187;0;9.486193;Goal1;cell11-9
464;agent0;10.29154;0;9.414948;Goal1;cell11-9
464;agent1;10.20265;0;9.504046;Goal1;cell11-9
465;agent0;10.30695;0;9.43678;Goal1;cell11-9
465;agent1;10.22363;0;9.520877;Goal1;cell11-9
466;agent0;10.3231;0;9.462064;Goal1;cell11-9
466;agent1;10.24478;0;9.537756;Goal1;cell11-9
467;agent0;10.33998;0;9.483846;Goal1;cell11-9
467;agent1;10.26862;0;9.555968;Goal1;cell11-9
468;agent0;10.35736;0;9.506474;Goal1;cell11-9
468;agent1;10.29233;0;9.573606;Goal1;cell11-9
469;agent0;10.3743;0;9.531229;Goal1;cell11-9
469;agent1;10.31584;0;9.592242;Goal1;cell11-9
470;agent0;10.39095;0;9.556187;Goal1;cell11-9
470;agent1;10.3369;0;9.613607;Goal1;cell11-9
471;agent0;10.40489;0;9.582748;Goal1;cell11-9
471;agent1;10.35742;0;9.635403;Goal1;cell11-9
472;agent0;10.42111;0;9.607988;Goal1;cell11-9
472;agent1;10.37742;0;9.656304;Goal1;cell11-9
473;agent0;10.43708;0;9.633383;Goal1;cell11-9
473;agent1;10.39752;0;9.676951;Goal1;cell11-9
474;agent0;10.45278;0;9.65895;Goal1;cell11-9
474;agent1;10.41852;0;9.694093;Goal1;cell11-9
475;agent0;10.46994;0;9.683212;Goal1;cell11-9
475;agent1;10.44086;0;9.711937;Goal1;cell11-9
476;agent0;10.48934;0;9.706095;Goal1;cell11-9
476;agent1;10.46472;0;9.730134;Goal1;cell11-9
477;agent0;10.5085;0;9.729183;Goal1;cell11-9
477;agent1;10.48928;0;9.74736;Goal1;cell11-9
478;agent0;10.52644;0;9.753231;Goal1;cell11-9
478;agent1;10.51406;0;9.76426;Goal1;cell11-9
479;agent0;10.5433;0;9.778043;Goal1;cell11-9
479;agent1;10.53873;0;9.781339;Goal1;cell11-9
480;agent0;10.5557;0;9.805361;Goal1;cell11-9
480;agent1;10.56219;0;9.800033;Goal1;cell11-9
481;agent0;10.58025;0;9.822604;Goal1;cell11-9
481;agent1;10.57804;0;9.825501;Goal1;cell11-9
482;agent0;10.5998;0;9.845354;Goal1;cell11-9
482;agent1;10.60348;0;9.841407;Goal1;cell11-9
483;agent0;10.6251;0;9.861476;Goal1;cell11-9
483;agent1;10.6233;0;9.863932;Goal1;cell11-9
484;agent0;10.64632;0;9.882684;Goal1;cell11-9
484;agent1;10.64929;0;9.878911;Goal1;cell11-9
485;agent0;10.67301;0;9.896379;Goal1;cell11-9
485;agent1;10.66967;0;9.90092;Goal1;cell11-9
486;agent0;10.69503;0;9.916759;Goal1;cell11-9
486;agent1;10.69685;0;9.913622;Goal1;cell11-9
487;agent0;10.72209;0;9.929707;Goal1;cell11-9
487;agent1;10.71912;0;9.93373;Goal1;cell11-9
488;agent0;10.74438;0;9.949786;Goal1;cell11-9
488;agent1;10.74555;0;9.947912;Goal1;cell11-9
489;agent0;10.769;0;9.966931;Goal1;cell11-9
489;agent1;10.76957;0;9.965893;Goal1;cell11-9
490;agent0;10.79066;0;9.983753;Goal1;cell11-9
490;agent1;10.79312;0;9.984473;Goal1;cell11-9
491;agent0;10.79184;0;10.00366;Goal1;cell11-9
491;agent1;10.79821;0;9.993945;Goal1;cell11-9
492;agent0;10.81371;0;10.02084;Goal1;cell11-11
492;agent1;10.82136;0;10.01302;Goal1;cell11-9
493;agent0;10.83521;0;10.04177;Goal1;cell11-11
493;agent1;10.84567;0;10.0306;Goal1;cell11-11
494;agent0;10.85679;0;10.06261;Goal1;cell11-11
494;agent1;10.86975;0;10.04848;Goal1;cell11-11
495;agent0;10.87924;0;10.08251;Goal1;cell11-11
495;agent1;10.89365;0;10.06662;Goal1;cell11-11
496;agent0;10.89685;0;10.10441;Goal1;cell11-11
496;agent1;10.91822;0;10.08266;Goal1;cell11-11
497;agent0;10.91561;0;10.12764;Goal1;cell11-11
497;agent1;10.94289;0;10.09973;Goal1;cell11-11
498;agent0;10.93438;0;10.15085;Goal1;cell11-11
498;agent1;10.96719;0;10.11733;Goal1;cell11-11
499;agent0;10.95003;0;10.17446;Goal1;cell11-11
499;agent1;10.99146;0;10.13496;Goal1;cell11-11
500;agent0;20.24043;0;19.97854;Goal1;cell21-19
500;agent1;20.97272;0;20.7389;Goal1;cell21-21
501;agent0;20.25511;0;20.0047;Goal1;cell21-19
501;agent1;20.96206;0;20.74066;Goal1;cell21-21
502;agent0;20.26991;0;20.0308;Goal1;cell21-21
502;agent1;20.95227;0;20.74202;Goal1;cell21-21
503;agent0;20.28519;0;20.05662;Goal1;cell21-21
503;agent1;20.9445;0;20.74493;Goal1;cell21-21
504;agent0;20.30233;0;20.08124;Goal1;cell21-21
504;agent1;20.93741;0;20.74747;Goal1;cell21-21
505;agent0;20.32051;0;20.1051;Goal1;cell21-21
505;agent1;20.93331;0;20.75446;Goal1;cell21-21
506;agent0;20.33847;0;20.12913;Goal1;cell21-21
506;agent1;20.92879;0;20.75813;Goal1;cell21-21
507;agent0;20.35771;0;20.15215;Goal1;cell21-21
507;agent1;20.92453;0;20.76397;Goal1;cell21-21
508;agent0;20.37755;0;20.17466;Goal1;cell21-21
508;agent1;20.91732;0;20.7712;Goal1;cell21-21
509;agent0;20.39712;0;20.19739;Goal1;cell21-21
509;agent1;20.90974;0;20.78198;Goal1;cell21-21
510;agent0;20.41498;0;20.2215;Goal1;cell21-21
510;agent1;20.90325;0;20.79181;Goal1;cell21-21
511;agent0;20.43141;0;20.24659;Goal1;cell21-21
511;agent1;20.899;0;20.80128;Goal1;cell21-21
512;agent0;20.44913;0;20.27081;Goal1;cell21-21
512;agent1;20.89534;0;20.81021;Goal1;cell21-21
513;agent0;20.46657;0;20.29522;Goal1;cell21-21
513;agent1;20.89231;0;20.81857;Goal1;cell21-21
514;agent0;20.48376;0;20.3198;Goal1;cell21-21
514;agent1;20.88757;0;20.82524;Goal1;cell21-21
515;agent0;20.50069;0;20.34457;Goal1;cell21-21
515;agent1;20.88348;0;20.83134;Goal1;cell21-21
516;agent0;20.52062;0;20.36699;Goal1;cell21-21
516;agent1;20.88012;0;20.83926;Goal1;cell21-21
517;agent0;20.54134;0;20.38869;Goal1;cell21-21
517;agent1;20.87762;0;20.84645;Goal1;cell21-21
518;agent0;20.56049;0;20.40503;Goal1;cell21-21
518;agent1;20.87311;0;20.85384;Goal1;cell21-21
519;agent0;20.58001;0;20.4206;Goal1;cell21-21
519;agent1;20.86984;0;20.86036;Goal1;cell21-21
520;agent0;20.60327;0;20.43324;Goal1;cell21-21
520;agent1;20.86592;0;20.86926;Goal1;cell21-21
521;agent0;20.62444;0;20.44711;Goal1;cell21-21
521;agent1;20.86373;0;20.87717;Goal1;cell21-21
522;agent0;20.6439;0;20.46191;Goal1;cell21-21
522;agent1;20.86153;0;20.88174;Goal1;cell21-21
523;agent0;20.66241;0;20.4771;Goal1;cell21-21
523;agent1;20.86057;0;20.88575;Goal1;cell21-21
524;agent0;20.68285;0;20.49162;Goal1;cell21-21
524;agent1;20.86074;0;20.8893;Goal1;cell21-21
525;agent0;20.69818;0;20.50556;Goal1;cell21-21
525;agent1;20.86216;0;20.89237;Goal1;cell21-21
526;agent0;20.71268;0;20.52038;Goal1;cell21-21
526;agent1;20.86434;0;20.89267;Goal1;cell21-21
527;agent0;20.72956;0;20.5295;Goal1;cell21-21
527;agent1;20.86567;0;20.89525;Goal1;cell21-21
528;agent0;20.74157;0;20.53512;Goal1;cell21-21
528;agent1;20.86819;0;20.8974;Goal1;cell21-21
529;agent0;20.75711;0;20.53762;Goal1;cell21-21
529;agent1;20.87065;0;20.89593;Goal1;cell21-21
530;agent0;20.77176;0;20.53978;Goal1;cell21-21
530;agent1;20.87501;0;20.89733;Goal1;cell21-21
531;agent0;20.78527;0;20.54217;Goal1;cell21-21
531;agent1;20.87953;0;20.89502;Goal1;cell21-21
532;agent0;20.79778;0;20.5449;Goal1;cell21-21
532;agent1;20.88457;0;20.89538;Goal1;cell21-21
533;agent0;20.80935;0;20.54799;Goal1;cell21-21
533;agent1;20.89025;0;20.89558;Goal1;cell21-21
534;agent0;20.82017;0;20.55138;Goal1;cell21-21
534;agent1;20.89637;0;20.89565;Goal1;cell21-21
535;agent0;20.83042;0;20.555;Goal1;cell21-21
535;agent1;20.90281;0;20.89565;Goal1;cell21-21
536;agent0;20.84023;0;20.55884;Goal1;cell21-21
536;agent1;20.90946;0;20.89558;Goal1;cell21-21
537;agent0;20.8497;0;20.56286;Goal1;cell21-21
537;agent1;20.91624;0;20.89547;Goal1;cell21-21
538;agent0;20.8566;0;20.56596;Goal1;cell21-21
538;agent1;20.92311;0;20.89534;Goal1;cell21-21
539;agent0;20.86715;0;20.56792;Goal1;cell21-21
539;agent1;20.92975;0;20.89528;Goal1;cell21-21
540;agent0;20.88204;0;20.56732;Goal1;cell21-21
540;agent1;20.93511;0;20.89365;Goal1;cell21-21
541;agent0;20.89911;0;20.56581;Goal1;cell21-21
541;agent1;20.94176;0;20.89173;Goal1;cell21-21
542;agent0;20.91773;0;20.56488;Goal1;cell21-21
542;agent1;20.94866;0;20.88868;Goal1;cell21-21
543;agent0;20.93466;0;20.56464;Goal1;cell21-21
543;agent1;20.95719;0;20.88549;Goal1;cell21-21
544;agent0;20.95029;0;20.56487;Goal1;cell21-21
544;agent1;20.9669;0;20.88226;Goal1;cell21-21
545;agent0;20.96493;0;20.56545;Goal1;cell21-21
545;agent1;20.97895;0;20.88326;Goal1;cell21-21
546;agent0;20.97893;0;20.56627;Goal1;cell21-21
546;agent1;20.99063;0;20.88104;Goal1;cell21-21
547;agent0;20.99618;0;20.56593;Goal1;cell21-21
547;agent1;21.00252;0;20.87888;Goal1;cell21-21
548;agent0;21.0124;0;20.5659;Goal1;cell21-21
548;agent1;21.01555;0;20.88024;Goal1;cell21-21
549;agent0;21.03678;0;20.56992;Goal1;cell21-21
549;agent1;21.0284;0;20.87825;Goal1;cell21-21
550;agent0;21.06582;0;20.57744;Goal1;cell21-21
550;agent1;21.03873;0;20.8814;Goal1;cell21-21
551;agent0;21.09475;0;20.58539;Goal1;cell21-21
551;agent1;21.04732;0;20.88338;Goal1;cell21-21
552;agent0;21.12371;0;20.59319;Goal1;cell21-21
552;agent1;21.06087;0;20.8842;Goal1;cell21-21
553;agent0;21.15166;0;20.6041;Goal1;cell21-21
553;agent1;21.07708;0;20.88538;Goal1;cell21-21
554;agent0;21.17805;0;20.61837;Goal1;cell21-21
554;agent1;21.09378;0;20.88965;Goal1;cell21-21
555;agent0;21.20431;0;20.63287;Goal1;cell21-21
555;agent1;21.11242;0;20.89439;Goal1;cell21-21
556;agent0;21.23073;0;20.64709;Goal1;cell21-21
556;agent1;21.13113;0;20.90052;Goal1;cell21-21
557;agent0;21.25678;0;20.66195;Goal1;cell21-21
557;agent1;21.14671;0;20.90637;Goal1;cell21-21
558;agent0;21.28263;0;20.67719;Goal1;cell21-21
558;agent1;21.16666;0;20.91142;Goal1;cell21-21
559;agent0;21.30858;0;20.69225;Goal1;cell21-21
559;agent1;21.18649;0;20.91848;Goal1;cell21-21
560;agent0;21.3353;0;20.70588;Goal1;cell21-21
560;agent1;21.20747;0;20.92614;Goal1;cell21-21
561;agent0;21.36192;0;20.71972;Goal1;cell21-21
561;agent1;21.22993;0;20.93468;Goal1;cell21-21
562;agent0;21.38843;0;20.73376;Goal1;cell21-21
562;agent1;21.25365;0;20.94397;Goal1;cell21-21
563;agent0;21.41355;0;20.75015;Goal1;cell21-21
563;agent1;21.27845;0;20.95394;Goal1;cell21-21
564;agent0;21.43854;0;20.76676;Goal1;cell21-21
564;agent1;21.29977;0;20.96594;Goal1;cell21-21
565;agent0;21.46346;0;20.78346;Goal1;cell21-21
565;agent1;21.32524;0;20.97776;Goal1;cell21-21
566;agent0;21.48866;0;20.79973;Goal1;cell21-21
566;agent1;21.35172;0;20.9916;Goal1;cell21-21
567;agent0;21.51373;0;20.81622;Goal1;cell21-21
567;agent1;21.37799;0;21.00609;Goal1;cell21-21
568;agent0;21.53865;0;20.83292;Goal1;cell21-21
568;agent1;21.40218;0;21.02211;Goal1;cell21-21
569;agent0;21.56344;0;20.84982;Goal1;cell21-21
569;agent1;21.4239;0;21.04028;Goal1;cell21-21
570;agent0;21.58862;0;20.86612;Goal1;cell21-21
570;agent1;21.44715;0;21.05709;Goal1;cell21-21
571;agent0;21.61373;0;20.88253;Goal1;cell21-21
571;agent1;21.47077;0;21.07395;Goal1;cell21-21
572;agent0;21.63888;0;20.89889;Goal1;cell21-21
572;agent1;21.49473;0;21.09069;Goal1;cell21-21
573;agent0;21.66358;0;20.91592;Goal1;cell21-21
573;agent1;21.51976;0;21.10359;Goal1;cell21-21
574;agent0;21.68818;0;20.93309;Goal1;cell21-21
574;agent1;21.54548;0;21.1163;Goal1;cell21-21
575;agent0;21.7131;0;20.94979;Goal1;cell21-21
575;agent1;21.57024;0;21.12842;Goal1;cell21-21
576;agent0;21.73897;0;20.96498;Goal1;cell21-21
576;agent1;21.59913;0;21.13653;Goal1;cell21-21
577;agent0;21.76473;0;20.98037;Goal1;cell21-21
577;agent1;21.62556;0;21.15073;Goal1;cell21-21
578;agent0;21.79036;0;20.99596;Goal1;cell21-21
578;agent1;21.65027;0;21.16773;Goal1;cell21-21
579;agent0;21.81584;0;21.01179;Goal1;cell21-21
579;agent1;21.6747;0;21.18134;Goal1;cell21-21
580;agent0;21.84118;0;21.02786;Goal1;cell21-21
580;agent1;21.69803;0;21.19823;Goal1;cell21-21
581;agent0;21.86647;0;21.04398;Goal1;cell21-21
581;agent1;21.71875;0;21.21399;Goal1;cell21-21
582;agent0;21.88819;0;21.05708;Goal1;cell21-21
582;agent1;21.73979;0;21.22952;Goal1;cell21-21
583;agent0;21.90846;0;21.06787;Goal1;cell21-21
583;agent1;21.76062;0;21.2444;Goal1;cell21-21
584;agent0;21.929;0;21.07974;Goal1;cell21-21
584;agent1;21.78103;0;21.25852;Goal1;cell21-21
585;agent0;21.95091;0;21.09522;Goal1;cell21-21
585;agent1;21.80224;0;21.27202;Goal1;cell21-21
586;agent0;21.97228;0;21.11054;Goal1;cell21-21
586;agent1;21.82368;0;21.28527;Goal1;cell21-21
587;agent0;21.99172;0;21.12577;Goal1;cell21-21
587;agent1;21.84282;0;21.29839;Goal1;cell21-21
588;agent0;22.01197;0;21.14092;Goal1;cell21-21
588;agent1;21.86203;0;21.31173;Goal1;cell21-21
589;agent0;22.03304;0;21.15602;Goal1;cell23-21
589;agent1;21.88517;0;21.32375;Goal1;cell21-21
590;agent0;22.05422;0;21.17118;Goal1;cell23-21
590;agent1;21.90525;0;21.33242;Goal1;cell21-21
591;agent0;22.07477;0;21.18697;Goal1;cell23-21
591;agent1;21.92077;0;21.34444;Goal1;cell21-21
592;agent0;22.09556;0;21.20546;Goal1;cell23-21
592;agent1;21.93692;0;21.35733;Goal1;cell21-21
593;agent0;22.11203;0;21.22404;Goal1;cell23-21
593;agent1;21.95378;0;21.37114;Goal1;cell21-21
594;agent0;22.12554;0;21.24265;Goal1;cell23-21
594;agent1;21.971;0;21.38526;Goal1;cell21-21
595;agent0;22.1384;0;21.26138;Goal1;cell23-21
595;agent1;21.98839;0;21.39936;Goal1;cell21-21
596;agent0;22.15078;0;21.27703;Goal1;cell23-21
596;agent1;22.00672;0;21.41303;Goal1;cell21-21
597;agent0;22.16141;0;21.29326;Goal1;cell23-21
597;agent1;22.02069;0;21.43115;Goal1;cell23-21
598;agent0;22.17196;0;21.30986;Goal1;cell23-21
598;agent1;22.03686;0;21.44577;Goal1;cell23-21
599;agent0;22.18233;0;21.32677;Goal1;cell23-21
599;agent1;22.05022;0;21.46337;Goal1;cell23-21
600;agent0;22.19359;0;21.34379;Goal1;cell23-21
600;agent1;22.0633;0;21.48092;Goal1;cell23-21
601;agent0;22.20954;0;21.36232;Goal1;cell23-21
601;agent1;22.07618;0;21.49854;Goal1;cell23-21
602;agent0;22.22509;0;21.38082;Goal1;cell23-21
602;agent1;22.0894;0;21.51698;Goal1;cell23-21
603;agent0;22.24144;0;21.40331;Goal1;cell23-21
603;agent1;22.10313;0;21.53584;Goal1;cell23-21
604;agent0;22.25839;0;21.42538;Goal1;cell23-21
604;agent1;22.11713;0;21.55714;Goal1;cell23-21
605;agent0;22.27845;0;21.44689;Goal1;cell23-21
605;agent1;22.13135;0;21.58007;Goal1;cell23-21
606;agent0;22.29638;0;21.46885;Goal1;cell23-21
606;agent1;22.14681;0;21.60453;Goal1;cell23-21
607;agent0;22.31221;0;21.49434;Goal1;cell23-21
607;agent1;22.16236;0;21.62898;Goal1;cell23-21
608;agent0;22.32596;0;21.521;Goal1;cell23-21
608;agent1;22.17399;0;21.65093;Goal1;cell23-21
609;agent0;22.3394;0;21.54782;Goal1;cell23-21
609;agent1;22.18606;0;21.67346;Goal1;cell23-21
610;agent0;22.35336;0;21.57438;Goal1;cell23-21
610;agent1;22.19851;0;21.69641;Goal1;cell23-21
611;agent0;22.36541;0;21.60184;Goal1;cell23-21
611;agent1;22.20667;0;21.72243;Goal1;cell23-21
612;agent0;22.38075;0;21.62763;Goal1;cell23-21
612;agent1;22.21767;0;21.7502;Goal1;cell23-21
613;agent0;22.39731;0;21.65264;Goal1;cell23-21
613;agent1;22.22562;0;21.77843;Goal1;cell23-21
614;agent0;22.41209;0;21.67875;Goal1;cell23-21
614;agent1;22.23391;0;21.80667;Goal1;cell23-21
615;agent0;22.42404;0;21.70627;Goal1;cell23-21
615;agent1;22.23867;0;21.83628;Goal1;cell23-21
616;agent0;22.43559;0;21.73396;Goal1;cell23-21
616;agent1;22.2438;0;21.86584;Goal1;cell23-21
617;agent0;22.44709;0;21.76167;Goal1;cell23-21
617;agent1;22.24928;0;21.89534;Goal1;cell23-21
618;agent0;22.45836;0;21.78947;Goal1;cell23-21
618;agent1;22.25651;0;21.92229;Goal1;cell23-21
619;agent0;22.46926;0;21.81742;Goal1;cell23-21
619;agent1;22.26405;0;21.94933;Goal1;cell23-21
620;agent0;22.48586;0;21.84241;Goal1;cell23-21
620;agent1;22.2719;0;21.97634;Goal1;cell23-21
621;agent0;22.50217;0;21.86758;Goal1;cell23-21
621;agent1;22.2801;0;22.00325;Goal1;cell23-21
622;agent0;22.51867;0;21.89264;Goal1;cell23-21
622;agent1;22.28865;0;22.02991;Goal1;cell23-23
623;agent0;22.53498;0;21.91782;Goal1;cell23-21
623;agent1;22.29756;0;22.05623;Goal1;cell23-23
624;agent0;22.55138;0;21.94294;Goal1;cell23-21
624;agent1;22.30685;0;22.08216;Goal1;cell23-23
625;agent0;22.56765;0;21.96815;Goal1;cell23-21
625;agent1;22.31657;0;22.10769;Goal1;cell23-23
626;agent0;22.5849;0;21.99269;Goal1;cell23-21
626;agent1;22.32677;0;22.13285;Goal1;cell23-23
627;agent0;22.60477;0;22.01516;Goal1;cell23-21
627;agent1;22.33748;0;22.15766;Goal1;cell23-23
628;agent0;22.62493;0;22.03738;Goal1;cell23-23
628;agent1;22.34963;0;22.18509;Goal1;cell23-23
629;agent0;22.64512;0;22.05957;Goal1;cell23-23
629;agent1;22.36031;0;22.21312;Goal1;cell23-23
630;agent0;22.66412;0;22.08257;Goal1;cell23-23
630;agent1;22.37118;0;22.24109;Goal1;cell23-23
631;agent0;22.68267;0;22.10529;Goal1;cell23-23
631;agent1;22.38226;0;22.26896;Goal1;cell23-23
632;agent0;22.70068;0;22.12769;Goal1;cell23-23
632;agent1;22.39646;0;22.29539;Goal1;cell23-23
633;agent0;22.71809;0;22.1498;Goal1;cell23-23
633;agent1;22.40905;0;22.32262;Goal1;cell23-23
634;agent0;22.73347;0;22.17118;Goal1;cell23-23
634;agent1;22.42278;0;22.34929;Goal1;cell23-23
635;agent0;22.74868;0;22.19283;Goal1;cell23-23
635;agent1;22.43807;0;22.37511;Goal1;cell23-23
636;agent0;22.76085;0;22.21453;Goal1;cell23-23
636;agent1;22.45199;0;22.40168;Goal1;cell23-23
637;agent0;22.77295;0;22.2364;Goal1;cell23-23
637;agent1;22.46553;0;22.42845;Goal1;cell23-23
638;agent0;22.78619;0;22.25476;Goal1;cell23-23
638;agent1;22.47856;0;22.45547;Goal1;cell23-23
639;agent0;22.79982;0;22.2736;Goal1;cell23-23
639;agent1;22.49098;0;22.48278;Goal1;cell23-23
640;agent0;22.81514;0;22.29719;Goal1;cell23-23
640;agent1;22.50336;0;22.51011;Goal1;cell23-23
641;agent0;22.83058;0;22.32085;Goal1;cell23-23
641;agent1;22.51788;0;22.53636;Goal1;cell23-23
642;agent0;22.84633;0;22.34175;Goal1;cell23-23
642;agent1;22.53248;0;22.56237;Goal1;cell23-23
643;agent0;22.86152;0;22.36118;Goal1;cell23-23
643;agent1;22.54696;0;22.58763;Goal1;cell23-23
644;agent0;22.87436;0;22.37772;Goal1;cell23-23
644;agent1;22.56122;0;22.61197;Goal1;cell23-23
645;agent0;22.8872;0;22.39425;Goal1;cell23-23
645;agent1;22.58251;0;22.63311;Goal1;cell23-23
646;agent0;22.90256;0;22.40828;Goal1;cell23-23
646;agent1;22.60482;0;22.65118;Goal1;cell23-23
647;agent0;22.91863;0;22.42246;Goal1;cell23-23
647;agent1;22.62666;0;22.67175;Goal1;cell23-23
648;agent0;22.93602;0;22.43686;Goal1;cell23-23
648;agent1;22.64652;0;22.69423;Goal1;cell23-23
649;agent0;22.95248;0;22.4515;Goal1;cell23-23
649;agent1;22.66703;0;22.71327;Goal1;cell23-23
650;agent0;22.97203;0;22.47012;Goal1;cell23-23
650;agent1;22.68782;0;22.72816;Goal1;cell23-23
651;agent0;22.993;0;22.48873;Goal1;cell23-23
651;agent1;22.70667;0;22.74621;Goal1;cell23-23
652;agent0;23.01505;0;22.50733;Goal1;cell23-23
652;agent1;22.72572;0;22.76397;Goal1;cell23-23
653;agent0;23.03771;0;22.52577;Goal1;cell23-23
653;agent1;22.74354;0;22.78726;Goal1;cell23-23
654;agent0;23.06062;0;22.54515;Goal1;cell23-23
654;agent1;22.76119;0;22.81009;Goal1;cell23-23
655;agent0;23.08216;0;22.56602;Goal1;cell23-23
655;agent1;22.77724;0;22.83187;Goal1;cell23-23
656;agent0;23.10368;0;22.58692;Goal1;cell23-23
656;agent1;22.79328;0;22.85369;Goal1;cell23-23
657;agent0;23.1246;0;22.60843;Goal1;cell23-23
657;agent1;22.81079;0;22.8761;Goal1;cell23-23
658;agent0;23.14497;0;22.63045;Goal1;cell23-23
658;agent1;22.82855;0;22.89602;Goal1;cell23-23
659;agent0;23.16523;0;22.65258;Goal1;cell23-23
659;agent1;22.84655;0;22.91627;Goal1;cell23-23
660;agent0;23.18319;0;22.67661;Goal1;cell23-23
660;agent1;22.86366;0;22.93585;Goal1;cell23-23
661;agent0;23.2015;0;22.70037;Goal1;cell23-23
661;agent1;22.88105;0;22.95563;Goal1;cell23-23
662;agent0;23.21959;0;22.72431;Goal1;cell23-23
662;agent1;22.89875;0;22.97548;Goal1;cell23-23
663;agent0;23.23373;0;22.75076;Goal1;cell23-23
663;agent1;22.91788;0;22.99556;Goal1;cell23-23
664;agent0;23.24746;0;22.77744;Goal1;cell23-23
664;agent1;22.93954;0;23.01632;Goal1;cell23-23
665;agent0;23.25943;0;22.80494;Goal1;cell23-23
665;agent1;22.96146;0;23.0368;Goal1;cell23-23
666;agent0;23.27443;0;22.83093;Goal1;cell23-23
666;agent1;22.98446;0;23.05606;Goal1;cell23-23
667;agent0;23.2891;0;22.85709;Goal1;cell23-23
667;agent1;23.00733;0;23.07548;Goal1;cell23-23
668;agent0;23.30342;0;22.88346;Goal1;cell23-23
668;agent1;23.03007;0;23.09505;Goal1;cell23-23
669;agent0;23.31734;0;22.91003;Goal1;cell23-23
669;agent1;23.05264;0;23.11481;Goal1;cell23-23
670;agent0;23.33335;0;22.9354;Goal1;cell23-23
670;agent1;23.07598;0;23.13366;Goal1;cell23-23
671;agent0;23.34802;0;22.96062;Goal1;cell23-23
671;agent1;23.09968;0;23.15205;Goal1;cell23-23
672;agent0;23.36483;0;22.98291;Goal1;cell23-23
672;agent1;23.12377;0;23.16994;Goal1;cell23-23
673;agent0;23.37895;0;23.00536;Goal1;cell23-23
673;agent1;23.14687;0;23.18907;Goal1;cell23-23
674;agent0;23.39239;0;23.03218;Goal1;cell23-23
674;agent1;23.16819;0;23.21018;Goal1;cell23-23
675;agent0;23.40597;0;23.05843;Goal1;cell23-23
675;agent1;23.18993;0;23.23085;Goal1;cell23-23
676;agent0;23.41994;0;23.08498;Goal1;cell23-23
676;agent1;23.21054;0;23.25265;Goal1;cell23-23
677;agent0;23.43364;0;23.10758;Goal1;cell23-23
677;agent1;23.23205;0;23.27356;Goal1;cell23-23
678;agent0;23.44676;0;23.13108;Goal1;cell23-23
678;agent1;23.25396;0;23.29406;Goal1;cell23-23
679;agent0;23.46175;0;23.15165;Goal1;cell23-23
679;agent1;23.2735;0;23.31361;Goal1;cell23-23
680;agent0;23.47677;0;23.17252;Goal1;cell23-23
680;agent1;23.2932;0;23.33311;Goal1;cell23-23
681;agent0;23.49146;0;23.19002;Goal1;cell23-23
681;agent1;23.3117;0;23.35532;Goal1;cell23-23
682;agent0;23.50439;0;23.20851;Goal1;cell23-23
682;agent1;23.32966;0;23.37641;Goal1;cell23-23
683;agent0;23.51763;0;23.22922;Goal1;cell23-23
683;agent1;23.34762;0;23.39723;Goal1;cell23-23
684;agent0;23.53075;0;23.24982;Goal1;cell23-23
684;agent1;23.36297;0;23.41701;Goal1;cell23-23
685;agent0;23.54261;0;23.27137;Goal1;cell23-23
685;agent1;23.38209;0;23.4381;Goal1;cell23-23
686;agent0;23.55479;0;23.29353;Goal1;cell23-23
686;agent1;23.40401;0;23.45859;Goal1;cell23-23
687;agent0;23.56691;0;23.31533;Goal1;cell23-23
687;agent1;23.42586;0;23.47914;Goal1;cell23-23
688;agent0;23.58075;0;23.34195;Goal1;cell23-23
688;agent1;23.44753;0;23.49989;Goal1;cell23-23
689;agent0;23.59773;0;23.36179;Goal1;cell23-23
689;agent1;23.46861;0;23.51919;Goal1;cell23-23
690;agent0;23.61514;0;23.38226;Goal1;cell23-23
690;agent1;23.48954;0;23.5383;Goal1;cell23-23
691;agent0;23.63282;0;23.40334;Goal1;cell23-23
691;agent1;23.51474;0;23.55458;Goal1;cell23-23
692;agent0;23.65095;0;23.4252;Goal1;cell23-23
692;agent1;23.53746;0;23.57226;Goal1;cell23-23
693;agent0;23.66933;0;23.44775;Goal1;cell23-23
693;agent1;23.55881;0;23.58913;Goal1;cell23-23
694;agent0;23.68717;0;23.47048;Goal1;cell23-23
694;agent1;23.58044;0;23.60571;Goal1;cell23-23
695;agent0;23.70484;0;23.49472;Goal1;cell23-23
695;agent1;23.60232;0;23.62195;Goal1;cell23-23
696;agent0;23.72211;0;23.51926;Goal1;cell23-23
696;agent1;23.62216;0;23.64048;Goal1;cell23-23
697;agent0;23.74139;0;23.54141;Goal1;cell23-23
697;agent1;23.64556;0;23.65926;Goal1;cell23-23
698;agent0;23.76079;0;23.56124;Goal1;cell23-23
698;agent1;23.66898;0;23.67777;Goal1;cell23-23
699;agent0;23.78155;0;23.58168;Goal1;cell23-23
699;agent1;23.69039;0;23.6988;Goal1;cell23-23
700;agent0;23.80349;0;23.60214;Goal1;cell23-23
700;agent1;23.71185;0;23.71976;Goal1;cell23-23
701;agent0;23.82488;0;23.62318;Goal1;cell23-23
701;agent1;23.73151;0;23.74241;Goal1;cell23-23
702;agent0;23.84687;0;23.64358;Goal1;cell23-23
702;agent1;23.75003;0;23.76601;Goal1;cell23-23
703;agent0;23.86987;0;23.66285;Goal1;cell23-23
703;agent1;23.76889;0;23.78934;Goal1;cell23-23
704;agent0;23.8892;0;23.68579;Goal1;cell23-23
704;agent1;23.78812;0;23.81237;Goal1;cell23-23
705;agent0;23.91117;0;23.70622;Goal1;cell23-23
705;agent1;23.8077;0;23.83511;Goal1;cell23-23
706;agent0;23.9328;0;23.72701;Goal1;cell23-23
706;agent1;23.82635;0;23.858;Goal1;cell23-23
707;agent0;23.95407;0;23.74817;Goal1;cell23-23
707;agent1;23.84267;0;23.87761;Goal1;cell23-23
708;agent0;23.97227;0;23.77202;Goal1;cell23-23
708;agent1;23.85337;0;23.89802;Goal1;cell23-23
709;agent0;23.98999;0;23.79622;Goal1;cell23-23
709;agent1;23.86638;0;23.92117;Goal1;cell23-23
710;agent0;24.0065;0;23.82127;Goal1;cell23-23
710;agent1;23.87968;0;23.9455;Goal1;cell23-23
711;agent0;24.0226;0;23.84659;Goal1;cell25-23
711;agent1;23.89919;0;23.96829;Goal1;cell23-23
712;agent0;24.04115;0;23.87017;Goal1;cell25-23
712;agent1;23.91852;0;23.99122;Goal1;cell23-23
713;agent0;24.0601;0;23.89342;Goal1;cell25-23
713;agent1;23.93596;0;24.01563;Goal1;cell23-23
714;agent0;24.07713;0;23.91812;Goal1;cell25-23
714;agent1;23.95372;0;24.03981;Goal1;cell23-25
715;agent0;24.09662;0;23.94093;Goal1;cell25-23
715;agent1;23.97176;0;24.06378;Goal1;cell23-25
716;agent0;24.11581;0;23.96398;Goal1;cell25-23
716;agent1;23.99072;0;24.08703;Goal1;cell23-25
717;agent0;24.13299;0;23.98858;Goal1;cell25-23
717;agent1;24.00987;0;24.11012;Goal1;cell23-25
718;agent0;24.14984;0;24.0134;Goal1;cell25-23
718;agent1;24.03026;0;24.13213;Goal1;cell25-25
719;agent0;24.16719;0;24.03787;Goal1;cell25-25
719;agent1;24.05059;0;24.15419;Goal1;cell25-25
720;agent0;24.18399;0;24.06273;Goal1;cell25-25
720;agent1;24.07062;0;24.17653;Goal1;cell25-25
721;agent0;24.20052;0;24.08776;Goal1;cell25-25
721;agent1;24.09072;0;24.19879;Goal1;cell25-25
722;agent0;24.21902;0;24.11138;Goal1;cell25-25
722;agent1;24.11069;0;24.22118;Goal1;cell25-25
723;agent0;24.23664;0;24.13566;Goal1;cell25-25
723;agent1;24.13114;0;24.24313;Goal1;cell25-25
724;agent0;24.2557;0;24.15883;Goal1;cell25-25
724;agent1;24.15299;0;24.26369;Goal1;cell25-25
725;agent0;24.27643;0;24.18052;Goal1;cell25-25
725;agent1;24.17363;0;24.28546;Goal1;cell25-25
726;agent0;24.2969;0;24.20245;Goal1;cell25-25
726;agent1;24.19368;0;24.30778;Goal1;cell25-25
727;agent0;24.3171;0;24.22463;Goal1;cell25-25
727;agent1;24.21464;0;24.32924;Goal1;cell25-25
728;agent0;24.33548;0;24.24834;Goal1;cell25-25
728;agent1;24.23469;0;24.35155;Goal1;cell25-25
729;agent0;24.35322;0;24.27253;Goal1;cell25-25
729;agent1;24.25497;0;24.37366;Goal1;cell25-25
730;agent0;24.37132;0;24.29646;Goal1;cell25-25
730;agent1;24.27542;0;24.39561;Goal1;cell25-25
731;agent0;24.38944;0;24.32037;Goal1;cell25-25
731;agent1;24.29341;0;24.41961;Goal1;cell25-25
732;agent0;24.40754;0;24.34429;Goal1;cell25-25
732;agent1;24.30939;0;24.44501;Goal1;cell25-25
733;agent0;24.42544;0;24.36837;Goal1;cell25-25
733;agent1;24.32569;0;24.47019;Goal1;cell25-25
