779;0.830067
780;0.7025717
781;0.7153248
782;0.600692
783;0.6528857
784;0.6357853
785;0.6285435
786;0.6235213
787;0.6042183
788;0.5836819
789;0.5510848
790;0.5380539
791;0.5155433
792;0.496656
793;0.489908
794;0.4808765
795;0.4710467
796;0.4701823
797;0.4689255
798;0.4894369
799;0.4866601
800;0.4796747
801;0.4683065
802;0.4527603
803;0.446626
804;0.5076402
805;0.4730023
806;0.4422036
807;0.4366118
808;0.4606183
809;0.4432066
810;0.4304225
811;0.4184125
812;0.4070713
813;0.3963142
814;0.3860684
815;0.4080936
816;0.3881169
817;0.3804784
818;0.3588126
819;0.371683
820;0.387379
821;0.4701568
822;0.4652106
823;0.4561332
824;0.4345752
825;0.4395027
826;0.4277521
827;0.4177476
828;0.4431647
829;0.4354
830;0.4426336
831;0.4281112
832;0.424731
833;0.4105982
834;0.4146406
835;0.412301
836;0.4055728
837;0.4635786
838;0.4702486
839;0.5354931
840;0.5406407
841;0.5395759
842;0.541086
843;0.5380098
844;0.5033692
845;0.6161346
846;0.6342903
847;0.6391767
848;0.6316279
849;0.6024346
850;0.5796782
851;0.5476221
852;0.5375237
853;0.5649332
854;0.5571164
855;0.5469639
856;0.5845106
857;0.5846786
858;0.5624074
859;0.6146705
860;0.5646607
861;0.5707995
862;0.5605855
863;0.54615
864;0.5578762
865;0.6070658
866;0.5884857
867;0.550855
868;0.5843388
869;0.5974694
870;0.6031832
871;0.5965385
872;0.5800909
873;0.552618
874;0.5235158
875;0.5345818
876;0.5102597
877;0.4844986
878;0.4877512
879;0.5474078
880;0.5383588
881;0.5636863
882;0.5656995
883;0.5518549
884;0.53478
885;0.5124105
886;0.5401441
887;0.5186796
888;0.5027214
889;0.5312632
890;0.5282201
891;0.5003029
892;0.5216821
893;0.5398222
894;0.5358244
895;0.5105978
896;0.4837671
897;0.4770718
898;0.5292538
899;0.5596295
900;0.5176936
901;0.5509226
902;0.5177492
903;0.5839065
904;0.565142
905;0.537595
906;0.5356843
907;0.5382839
908;0.5062798
909;0.5385009
910;0.5294966
911;0.515569
912;0.5126308
913;0.507284
914;0.4870937
915;0.4778482
916;0.450229
917;0.4441466
918;0.4691151
919;0.4893381
920;0.480821
921;0.4874263
922;0.4595051
923;0.5064844
924;0.4853178
925;0.524807
926;0.5239634
927;0.542831
928;0.5044106
929;0.5451221
930;0.528556
931;0.5050734
932;0.5283723
933;0.5191688
934;0.5188609
935;0.5442937
936;0.5718118
937;0.6028258
938;0.601229
939;0.5825012
940;0.5458533
941;0.5510135
942;0.5773708
943;0.5779354
944;0.6233824
945;0.6195731
946;0.5928335
947;0.6027961
948;0.58701
949;0.6091741
950;0.6230723
951;0.6683573
952;0.6824325
953;0.7206959
954;0.6974786
955;0.6816058
956;0.7071116
957;0.7156219
958;0.7196511
959;0.7177837
960;0.6987711
961;0.7275834
962;0.7246629
963;0.7029104
964;0.6923811
965;0.6941795
966;0.6823556
967;0.6648307
968;0.6394543
969;0.6667652
970;0.6571048
971;0.6421067
972;0.6318515
973;0.6304321
974;0.6724607
975;0.6640973
976;0.6799442
977;0.7118418
978;0.710196
979;0.7046602
980;0.7081347
981;0.6712033
982;0.7061083
983;0.6884049
984;0.7067412
985;0.7106884
986;0.7253231
987;0.7182974
988;0.7070081
989;0.7003877
990;0.7254977
991;0.7309888
992;0.7265715
993;0.7362619
994;0.745517
995;0.7346112
996;0.7087578
997;0.6839818
998;0.6594095
999;0.6712643
1000;0.691856
1001;0.6868869
1002;0.7110532
1003;0.6995314
1004;0.6945199
1005;0.6599357
1006;0.6972564
1007;0.648327
1008;0.6280616
1009;0.6075265
1010;0.5662442
1011;0.5563647
1012;0.589986
1013;0.6049188
1014;0.6522235
1015;0.6499338
1016;0.6555229
1017;0.6543642
1018;0.6243721
1019;0.5667597
1020;0.5860454
1021;0.6221755
1022;0.6018708
1023;0.5775306
1024;0.5693945
1025;0.6035445
1026;0.5848528
1027;0.573337
1028;0.5701205
1029;0.5939232
1030;0.6006845
1031;0.5873677
1032;0.577841
1033;0.5535611
1034;0.5413743
1035;0.490706
1036;0.4942192
1037;0.5893966
1038;0.6170852
1039;0.6378946
1040;0.6594884
1041;0.6817074
1042;0.6981694
1043;0.7059096
1044;0.6880012
1045;0.6773125
1046;0.6620232
1047;0.6608121
1048;0.6884853
1049;0.6975955
1050;0.7094428
1051;0.7068847
1052;0.7060071
1053;0.7285872
1054;0.7807285
1055;0.7619972
1056;0.7739352
1057;0.7397991
1058;0.7430313
1059;0.7239882
1060;0.7057365
1061;0.7133471
1062;0.7554446
1063;0.7171623
1064;0.7012355
1065;0.7180316
1066;0.6838536
1067;0.6946217
1068;0.7052141
1069;0.7127993
1070;0.7017133
1071;0.6800601
1072;0.714749
1073;0.6914335
1074;0.706749
1075;0.6820251
1076;0.6937476
1077;0.6811998
1078;0.7168072
1079;0.7094357
1080;0.6980006
1081;0.7056602
1082;0.6997198
1083;0.7023808
1084;0.7363056
1085;0.78747
1086;0.7905711
1087;0.7827091
1088;0.791295
1089;0.7533674
1090;0.7500769
1091;0.7639285
1092;0.7196428
1093;0.6677386
1094;0.636481
1095;0.6134915
1096;0.6251931
1097;0.610429
1098;0.6450144
1099;0.6595727
1100;0.6312364
1101;0.6161422
1102;0.6085277
1103;0.5656942
1104;0.6103369
1105;0.5888438
1106;0.5852125
1107;0.5891106
1108;0.6211437
1109;0.6365756
1110;0.622522
1111;0.6144089
1112;0.6200069
1113;0.5717584
1114;0.6229142
1115;0.614825
1116;0.5940752
1117;0.574523
1118;0.6214868
1119;0.5934081
1120;0.6062456
1121;0.5516005
1122;0.5438249
1123;0.5543786
1124;0.5488621
1125;0.5794265
1126;0.5662275
1127;0.5552341
1128;0.5455409
1129;0.5436425
1130;0.6033508
1131;0.6050681
1132;0.637619
1133;0.6079622
1134;0.5945145
1135;0.5811115
1136;0.6003965
1137;0.6232298
1138;0.6911166
1139;0.7476429
1140;0.7554372
1141;0.7716388
1142;0.7868131
1143;0.8470101
1144;0.8716351
1145;0.880054
1146;0.8565696
1147;0.8054698
1148;0.7391142
1149;0.7368966
1150;0.7450625
1151;0.7298582
1152;0.757968
1153;0.7341587
1154;0.7150909
1155;0.7166654
1156;0.8221729
1157;0.7916389
1158;0.7645116
1159;0.7508447
1160;0.7991331
1161;0.797649
1162;0.8040057
1163;0.8003899
1164;0.7412634
1165;0.7440321
1166;0.7504946
1167;0.7809552
1168;0.7717431
1169;0.7705036
1170;0.736984
1171;0.7252407
1172;0.7307117
1173;0.7187831
1174;0.7537471
1175;0.7351537
1176;0.7454257
1177;0.7956202
1178;0.8001008
1179;0.7935935
1180;0.7697253
1181;0.7723624
1182;0.7413678
1183;0.7328606
1184;0.7135277
1185;0.7326764
1186;0.7307504
1187;0.7238608
1188;0.7548281
1189;0.750639
1190;0.714627
1191;0.7355577
1192;0.7086681
1193;0.6999649
1194;0.6954589
1195;0.7206844
1196;0.7133415
1197;0.6949612
1198;0.7301878
1199;0.7258104
1200;0.7626578
1201;0.7768852
1202;0.766002
1203;0.7489129
1204;0.7400897
1205;0.7269785
1206;0.710403
1207;0.6798992
1208;0.71883
1209;0.7063711
1210;0.7649634
1211;0.756723
1212;0.803176
1213;0.7947139
1214;0.7799204
1215;0.7832102
1216;0.7776284
1217;0.77309
1218;0.7125932
1219;0.7542885
1220;0.7664667
1221;0.750696
1222;0.7459687
1223;0.776976
1224;0.7841665
1225;0.7728578
1226;0.751604
1227;0.7628509
1228;0.7458326
1229;0.7745366
1230;0.7729325
1231;0.7923661
1232;0.7794365
1233;0.755447
1234;0.7935261
1235;0.7637095
1236;0.7543401
1237;0.7711447
1238;0.7106328
1239;0.6869658
1240;0.6795654
1241;0.6921124
1242;0.7348157
1243;0.7468779
1244;0.7216815
1245;0.6871566
1246;0.701679
1247;0.7186303
1248;0.721907
1249;0.7083387
1250;0.7480376
1251;0.7283247
1252;0.7731274
1253;0.7787581
1254;0.7692495
1255;0.7686865
1256;0.7558221
1257;0.7243493
1258;0.7127358
1259;0.6381065
1260;0.6283785
1261;0.6480427
1262;0.6471106
1263;0.6247074
1264;0.6452633
1265;0.6108289
1266;0.5986273
1267;0.5776638
1268;0.5767623
1269;0.5801618
1270;0.6064543
1271;0.6448749
1272;0.6698122
1273;0.6616907
1274;0.7197944
1275;0.6887864
1276;0.6515103
1277;0.6590074
1278;0.6408747
1279;0.6399485
1280;0.6402307
1281;0.6759067
1282;0.6904748
1283;0.6600767
1284;0.6629338
1285;0.6251959
1286;0.5962353
1287;0.5759115
1288;0.5597858
1289;0.5496547
1290;0.5496997
1291;0.5575963
1292;0.5530745
1293;0.5703888
1294;0.5573916
1295;0.5333422
1296;0.6056572
1297;0.6014104
1298;0.6101281
1299;0.611279
1300;0.6037369
1301;0.5925534
1302;0.5813195
1303;0.6072971
1304;0.6111183
1305;0.595678
1306;0.5623773
1307;0.5930108
1308;0.5977874
1309;0.5915896
1310;0.6760233
1311;0.6679231
1312;0.6512827
1313;0.6481723
1314;0.6285676
1315;0.6250818
1316;0.6268026
1317;0.6263805
1318;0.631284
1319;0.6453553
1320;0.7131422
1321;0.6864141
1322;0.6757274
1323;0.6779999
1324;0.6517205
1325;0.6643255
1326;0.6535737
1327;0.7460535
1328;0.7516118
1329;0.7384046
1330;0.7349579
1331;0.7170348
1332;0.7117842
1333;0.6947654
1334;0.6844898
1335;0.7069893
1336;0.6669046
1337;0.7384833
1338;0.7331716
1339;0.7043117
1340;0.6755156
1341;0.6619343
1342;0.6770577
1343;0.6889163
1344;0.6837659
1345;0.673564
1346;0.6585618
1347;0.6690478
1348;0.7139653
1349;0.7248656
1350;0.7108353
1351;0.7345654
1352;0.8000497
1353;0.7886669
1354;0.8204927
1355;0.8428858
1356;0.8207442
1357;0.8193083
1358;0.7999828
1359;0.765567
1360;0.7578939
1361;0.7335786
1362;0.7255313
1363;0.6663759
1364;0.6582266
1365;0.6499016
1366;0.697944
1367;0.6685382
1368;0.6524347
1369;0.67498
1370;0.6761715
1371;0.6756197
1372;0.6290444
1373;0.6245427
1374;0.6241144
1375;0.619532
1376;0.6465233
1377;0.6592841
1378;0.6445847
1379;0.6503148
1380;0.6616182
1381;0.6974878
1382;0.6880454
1383;0.6788484
1384;0.6548591
1385;0.6238709
1386;0.6396817
1387;0.6847149
1388;0.6880321
1389;0.6740843
1390;0.6777146
1391;0.6549618
1392;0.6443089
1393;0.6793483
1394;0.6725332
1395;0.6482003
1396;0.6790712
1397;0.6627434
1398;0.6430301
1399;0.6651732
1400;0.6473173
1401;0.6400746
1402;0.6739931
1403;0.6296858
1404;0.6099929
1405;0.6414363
1406;0.6126812
1407;0.6387022
1408;0.603213
1409;0.5917335
1410;0.5939494
1411;0.6082878
1412;0.6297092
1413;0.6371893
1414;0.6552262
1415;0.6637351
1416;0.6513039
1417;0.6236343
1418;0.641863
1419;0.6595131
1420;0.6649328
1421;0.644956
1422;0.636568
1423;0.6323944
1424;0.6546761
1425;0.6449938
1426;0.6788201
1427;0.7244999
1428;0.7292653
1429;0.7125669
1430;0.6933506
1431;0.7112178
1432;0.7079371
1433;0.7071391
1434;0.7640038
1435;0.7808534
1436;0.7541858
1437;0.7537253
1438;0.731028
1439;0.7116362
1440;0.6956686
1441;0.6621275
1442;0.6909052
1443;0.7174424
1444;0.6879102
1445;0.6831769
1446;0.6921673
1447;0.7253534
1448;0.7373701
1449;0.7383069
1450;0.7171766
1451;0.6990533
1452;0.7169083
1453;0.6952197
1454;0.6982
1455;0.7171605
1456;0.71059
1457;0.7301081
1458;0.747167
1459;0.7455174
1460;0.7596612
1461;0.7313421
1462;0.7276601
1463;0.7413455
1464;0.7612978
1465;0.7658955
1466;0.7241522
1467;0.717913
1468;0.7162738
1469;0.7537536
1470;0.7496255
1471;0.7842473
1472;0.7785507
1473;0.7393503
1474;0.7238638
1475;0.7367052
1476;0.7382958
1477;0.7378715
1478;0.7490617
1479;0.7441286
1480;0.7556275
1481;0.7604647
1482;0.7618703
1483;0.7393984
1484;0.7420477
1485;0.7336459
1486;0.6852108
1487;0.6697832
1488;0.6381133
1489;0.6396586
1490;0.6484972
1491;0.6410993
1492;0.6346414
1493;0.6277465
1494;0.6225343
1495;0.6293233
1496;0.6074378
1497;0.6186115
1498;0.6210865
1499;0.7410371
1500;0.7406985
1501;0.8577094
1502;0.8356245
1503;0.8630605
1504;0.8384301
1505;0.8169323
1506;0.8196713
1507;0.8651703
1508;0.8545607
1509;0.8535606
1510;0.8437225
1511;0.8044982
1512;0.7884432
1513;0.8120524
1514;0.7881535
1515;0.7608165
1516;0.7501832
1517;0.7582115
1518;0.7285694
1519;0.7942445
1520;0.7688231
1521;0.7434399
1522;0.7052315
1523;0.693251
1524;0.664072
1525;0.7042404
1526;0.703715
1527;0.6855745
1528;0.6984342
1529;0.7109244
1530;0.7189615
1531;0.7419452
1532;0.7450101
1533;0.7451115
1534;0.7049582
1535;0.7106023
1536;0.6763014
1537;0.6747769
1538;0.6577684
1539;0.6926045
1540;0.67823
1541;0.660805
1542;0.6629352
1543;0.6883697
1544;0.7208983
1545;0.7031331
1546;0.6808562
1547;0.6901217
1548;0.6835582
1549;0.7166617
1550;0.7148884
1551;0.6993884
1552;0.690657
1553;0.6705102
1554;0.6630576
1555;0.6697219
1556;0.679541
1557;0.6576096
1558;0.6798088
1559;0.705893
1560;0.7046984
1561;0.6905302
1562;0.6923682
1563;0.6764827
1564;0.6783781
1565;0.6785573
1566;0.688342
1567;0.6906087
1568;0.6872767
1569;0.7174169
1570;0.6893562
1571;0.7176433
1572;0.7519308
1573;0.7488938
1574;0.7224383
1575;0.7655867
1576;0.8455133
1577;0.8846429
1578;0.8372492
1579;0.8215055
1580;0.7953314
1581;0.8214104
1582;0.854176
1583;0.8172042
1584;0.8039144
1585;0.7898372
1586;0.7809619
1587;0.7674516
1588;0.7612703
1589;0.7427517
1590;0.7191142
1591;0.7135935
1592;0.6903285
1593;0.6659753
1594;0.6647044
1595;0.6905212
1596;0.661243
1597;0.6388833
1598;0.6687545
1599;0.6589212
1600;0.6433712
1601;0.6596937
1602;0.6615456
1603;0.6474563
1604;0.6625782
1605;0.661478
1606;0.7376698
1607;0.7057734
1608;0.74508
1609;0.7522097
1610;0.7814618
1611;0.7752339
1612;0.7920576
1613;0.7616858
1614;0.7621154
1615;0.744477
1616;0.7430716
1617;0.7158278
1618;0.7287787
1619;0.7356776
1620;0.7116588
1621;0.6970664
1622;0.6799117
1623;0.6605245
1624;0.6450807
1625;0.6415926
1626;0.6237472
1627;0.6403797
1628;0.6640906
1629;0.6854396
1630;0.686033
1631;0.6860862
1632;0.658635
1633;0.6647096
1634;0.649511
1635;0.6804971
1636;0.6983846
1637;0.6893907
1638;0.7160527
1639;0.7376478
1640;0.6817309
1641;0.6960298
1642;0.7030826
1643;0.6751289
1644;0.6808812
1645;0.7013163
1646;0.6796098
1647;0.6941552
1648;0.7060075
1649;0.7222778
1650;0.7131949
1651;0.6900405
1652;0.6885712
1653;0.6900735
1654;0.6987877
1655;0.676936
1656;0.6650825
1657;0.6721472
1658;0.7012948
1659;0.7558442
1660;0.7296121
1661;0.7389166
1662;0.7928967
1663;0.7928619
1664;0.8332413
1665;0.8430294
1666;0.8445257
1667;0.8891498
1668;0.8793088
1669;0.9052571
1670;0.9024762
1671;0.9152756
1672;0.8761595
1673;0.8723946
1674;0.8707443
1675;0.8507657
1676;0.8553203
1677;0.8477621
1678;0.8553163
1679;0.8702275
1680;0.8673826
1681;0.8726079
1682;0.8904589
1683;0.8770428
1684;0.85552
1685;0.827633
1686;0.8151876
1687;0.7964119
1688;0.7979466
1689;0.7798259
1690;0.8174079
1691;0.8222228
1692;0.80683
1693;0.8096262
1694;0.7680171
1695;0.7839856
1696;0.8160137
1697;0.7933775
1698;0.7580944
1699;0.7651222
1700;0.7795756
1701;0.7808344
1702;0.7774795
1703;0.7501518
1704;0.7742395
1705;0.7549516
1706;0.7673582
1707;0.7613354
1708;0.766751
1709;0.740709
1710;0.7244324
1711;0.7119327
1712;0.6998258
1713;0.6777199
1714;0.6895704
1715;0.6812559
1716;0.6928827
1717;0.7066517
1718;0.6757843
1719;0.6842724
1720;0.6748546
1721;0.6747637
1722;0.6724206
1723;0.6883438
1724;0.7134808
1725;0.6684442
1726;0.6825493
1727;0.6750105
1728;0.7022716
1729;0.7591073
1730;0.7401021
1731;0.723695
1732;0.7095908
1733;0.7120633
1734;0.6984876
1735;0.6568707
1736;0.6291614
1737;0.6346305
1738;0.637477
1739;0.6420037
1740;0.6184146
1741;0.6540211
1742;0.6986376
1743;0.6992369
1744;0.7191991
1745;0.800741
1746;0.8802086
1747;0.8673502
1748;0.8986226
1749;0.8874199
1750;0.8565817
1751;0.8330829
1752;0.8361347
1753;0.8169047
1754;0.8308032
1755;0.8098791
1756;0.8209422
1757;0.8265505
1758;0.8231306
1759;0.8497567
1760;0.8527516
1761;0.8486273
1762;0.8164856
1763;0.8052392
1764;0.798889
1765;0.7532586
1766;0.8031133
1767;0.8077049
1768;0.8401818
1769;0.8147346
1770;0.783031
1771;0.7918112
1772;0.870712
1773;0.8664262
1774;0.8676671
1775;0.8673922
1776;0.9172677
1777;0.9153925
1778;0.9096354
1779;0.9072887
1780;0.9146177
1781;0.9127232
1782;0.9133169
1783;0.9240481
1784;0.9342377
1785;0.9013703
1786;0.8811679
1787;0.8440436
1788;0.8214797
1789;0.8435733
1790;0.8576658
1791;0.847067
1792;0.858434
1793;0.8492381
1794;0.8586947
1795;0.8424844
1796;0.8308357
1797;0.8363827
1798;0.8406272
1799;0.8155855
1800;0.8056213
1801;0.7888966
1802;0.8025663
1803;0.7852073
1804;0.8148726
1805;0.833326
1806;0.8164707
1807;0.8231308
1808;0.8791006
1809;0.8514934
1810;0.8226438
1811;0.8354186
1812;0.8374522
1813;0.8673579
1814;0.8280818
1815;0.8156725
1816;0.7815524
1817;0.7596889
1818;0.7581344
1819;0.7661308
1820;0.7945483
1821;0.7788157
1822;0.767872
1823;0.7762858
1824;0.7635207
1825;0.728518
1826;0.7489885
1827;0.8027054
1828;0.8136173
1829;0.8220487
1830;0.8116502
1831;0.8039846
1832;0.8143718
1833;0.8035567
1834;0.803737
1835;0.8200539
1836;0.8268256
1837;0.8316858
1838;0.8120257
1839;0.8363277
1840;0.8529292
1841;0.84057
1842;0.8720251
1843;0.8571893
1844;0.8676262
1845;0.8385416
1846;0.8293087
1847;0.8306788
1848;0.8573235
1849;0.8440693
1850;0.8352321
1851;0.843132
1852;0.8187
1853;0.8434003
1854;0.9056878
1855;0.8950015
1856;0.8467943
1857;0.8501869
1858;0.8350878
1859;0.8230637
1860;0.8844495
1861;0.8863888
1862;0.8474735
1863;0.8768867
1864;0.876707
1865;0.896174
1866;0.8672631
1867;0.9407322
1868;0.9249864
1869;0.8715911
1870;0.8917023
1871;0.859363
1872;0.8526664
1873;0.8513312
1874;0.8381224
1875;0.8267992
1876;0.8059584
1877;0.7756995
1878;0.8049523
1879;0.8046546
1880;0.8209108
1881;0.8484098
1882;0.8259018
1883;0.7920588
1884;0.8126742
1885;0.8033477
1886;0.7896821
1887;0.8123771
1888;0.8595832
1889;0.8680135
1890;0.8719026
1891;0.8353937
1892;0.8188275
1893;0.8158685
1894;0.8725284
1895;0.8646547
1896;0.8559204
1897;0.844278
1898;0.8377281
1899;0.8398719
1900;0.8407782
1901;0.8071612
1902;0.8108695
1903;0.8086631
1904;0.794352
1905;0.7682748
1906;0.742587
1907;0.7617778
1908;0.78413
1909;0.7757077
1910;0.7690264
1911;0.7613822
1912;0.805981
1913;0.8589489
1914;0.8264518
1915;0.8111601
1916;0.7890531
1917;0.8335713
1918;0.8551146
1919;0.8588858
1920;0.8795071
1921;0.8847916
1922;0.8943858
1923;0.9263476
1924;0.9227628
1925;0.9149865
1926;0.914536
1927;0.9307169
1928;0.9261976
1929;0.9327297
1930;0.9175032
1931;0.9156463
1932;0.9140455
1933;0.9186834
1934;0.9429401
1935;0.9340089
1936;0.9594724
1937;0.9633428
1938;0.9873277
1939;0.9770933
1940;0.9673367
1941;0.9620948
1942;0.9378183
1943;0.9194371
1944;0.9007806
1945;0.9117569
1946;0.9422129
1947;0.9163153
1948;0.9012715
1949;0.9057981
1950;0.8695409
1951;0.8781854
1952;0.8742851
1953;0.8456985
1954;0.8276752
1955;0.8516067
1956;0.8743183
1957;0.9082764
1958;0.9772221
1959;0.9452044
1960;0.9557611
1961;0.9766229
1962;0.9707807
1963;0.9500251
1964;0.9365267
1965;0.935575
1966;0.978583
1967;0.9768809
1968;0.9816653
1969;0.9592258
1970;0.9448017
1971;0.9173908
1972;0.9169446
1973;0.9197761
1974;0.9192794
1975;0.9023916
1976;0.9159409
1977;0.9088342
1978;0.9369277
1979;0.9114255
1980;0.9089556
1981;0.9443443
1982;0.9655449
1983;0.972363
1984;0.9679843
1985;0.9445959
1986;0.9404627
1987;0.9524059
1988;0.9534135
1989;0.9382049
1990;0.9196132
1991;0.9067336
1992;0.9556135
1993;0.9538301
1994;0.9309877
1995;0.9293316
1996;0.9347814
1997;0.9115031
1998;0.8933321
1999;0.953348
2000;0.936905
2001;0.9271062
2002;0.9378632
2003;0.9613806
2004;1.005748
2005;1.027942
2006;1.018382
2007;1.005116
2008;1.022859
2009;1.003517
2010;0.9813864
2011;0.9716234
2012;0.9737746
2013;0.9576216
2014;0.9538561
2015;0.955616
2016;0.9379321
2017;0.9124468
2018;0.8996132
2019;0.9030758
2020;0.9372853
2021;0.951239
2022;0.9437337
2023;0.9083713
2024;0.8681145
2025;0.8286244
2026;0.8229688
2027;0.8002647
2028;0.7932689
2029;0.7949811
2030;0.7999547
2031;0.7867032
2032;0.7821355
2033;0.7734989
2034;0.7874113
2035;0.8133322
2036;0.8105458
2037;0.8284658
2038;0.8161662
2039;0.7872902
2040;0.7847742
2041;0.784007
2042;0.8056991
2043;0.7883335
2044;0.8309681
2045;0.8142296
2046;0.8155473
2047;0.803099
2048;0.7685091
2049;0.773989
2050;0.7186265
2051;0.7296518
2052;0.7363098
2053;0.7186304
2054;0.7461626
2055;0.8009041
2056;0.7932504
2057;0.8464936
2058;0.8443844
2059;0.8419019
2060;0.8295003
2061;0.8100708
2062;0.7746443
2063;0.7572671
2064;0.7670569
2065;0.7358249
2066;0.7317297
2067;0.7767246
2068;0.8266281
2069;0.8030378
2070;0.8089914
2071;0.8162052
2072;0.8589076
2073;0.8360724
2074;0.8257883
2075;0.8437988
2076;0.818875
2077;0.8201747
2078;0.8073869
2079;0.7918972
2080;0.8357383
2081;0.8387606
2082;0.8033475
2083;0.8009826
2084;0.7709245
2085;0.7994366
2086;0.7770315
2087;0.8582668
2088;0.8283831
2089;0.819595
2090;0.8294861
2091;0.8347653
2092;0.8139583
2093;0.803704
2094;0.8262476
2095;0.8437767
2096;0.842999
2097;0.880443
2098;0.8527066
2099;0.8240102
2100;0.8104333
2101;0.7925446
2102;0.7790173
2103;0.7464906
2104;0.7730088
2105;0.7447917
2106;0.7511921
2107;0.7475168
2108;0.7643352
2109;0.7716399
2110;0.7737747
2111;0.7482487
2112;0.7540242
2113;0.7243522
2114;0.749823
2115;0.7239204
2116;0.7295544
2117;0.7292903
2118;0.7490429
2119;0.7223952
2120;0.7153819
2121;0.7464209
2122;0.7582701
2123;0.7981129
2124;0.7856849
2125;0.7763168
2126;0.8029451
2127;0.834118
2128;0.8981041
2129;0.8921905
2130;0.8772718
2131;0.8566232
2132;0.8661405
2133;0.8408046
2134;0.8571674
2135;0.8501402
2136;0.8200449
2137;0.7559162
2138;0.755469
2139;0.7262765
2140;0.7288264
2141;0.7136462
2142;0.7163677
2143;0.7218783
2144;0.702189
2145;0.7252239
2146;0.7641329
2147;0.7617903
2148;0.8218229
2149;0.8473152
2150;0.8991291
2151;0.8835319
2152;0.9086439
2153;0.9058107
2154;0.9093057
2155;0.8990901
2156;0.9017197
2157;0.9098464
2158;0.9344986
2159;0.924246
2160;0.9465839
2161;0.9387403
2162;0.9389719
2163;0.9370843
2164;0.933081
2165;0.9727663
2166;0.9661665
2167;0.9286391
2168;0.922719
2169;0.8857587
2170;0.9303964
2171;0.9290541
2172;0.9080693
2173;0.9023073
2174;0.8873605
2175;0.865949
2176;0.881108
2177;0.8721203
2178;0.8621501
2179;0.8590701
2180;0.8519109
2181;0.878566
2182;0.8859681
2183;0.8795261
2184;0.8824773
2185;0.8478223
2186;0.842095
2187;0.8330988
2188;0.8340667
2189;0.7801901
2190;0.804632
2191;0.7912865
2192;0.7885076
2193;0.8093925
2194;0.7946602
2195;0.8231136
2196;0.8173472
2197;0.8174068
2198;0.8046449
2199;0.8321394
2200;0.8068654
2201;0.7910224
2202;0.7925589
2203;0.7652853
2204;0.8206161
2205;0.8146594
2206;0.8090947
2207;0.8433923
2208;0.8108093
2209;0.7954577
2210;0.7894961
2211;0.833988
2212;0.8322791
2213;0.8441836
2214;0.8419878
2215;0.8617275
2216;0.8827259
2217;0.8743671
2218;0.8841847
2219;0.8713316
2220;0.9018756
2221;0.8843845
2222;0.8850393
2223;0.8745878
2224;0.8372882
2225;0.8621823
2226;0.8694347
2227;0.8844929
2228;0.8534706
2229;0.8639216
2230;0.8609467
2231;0.8632614
2232;0.8527295
2233;0.876829
2234;0.9013528
2235;0.9281229
2236;0.9778055
2237;0.9268877
2238;0.9216074
2239;0.9383356
2240;0.934485
2241;0.8620368
2242;0.8543465
2243;0.8635994
2244;0.8972307
2245;0.9320264
2246;0.9065638
2247;0.9175009
2248;0.9335432
2249;0.9181784
2250;0.9348833
2251;0.9309586
2252;0.9316394
2253;0.9234913
2254;0.94269
2255;0.9379746
2256;0.9315084
2257;0.9408811
2258;0.9518387
2259;0.9382704
2260;0.9469007
2261;0.9864933
2262;0.9676239
2263;0.9502547
2264;0.9843366
2265;0.992756
2266;0.9868912
2267;0.9823243
2268;0.9778657
2269;0.9503672
2270;0.9708432
2271;0.9664243
2272;0.9130584
2273;0.931664
2274;0.9013454
2275;0.8912284
2276;0.8719749
2277;0.8890122
2278;0.8933834
2279;0.884216
2280;0.8868202
2281;0.9088714
2282;0.9272993
2283;0.9222016
2284;0.8956704
2285;0.9206632
2286;0.8959459
2287;0.8771145
2288;0.8842098
2289;0.8862944
2290;0.8750132
2291;0.8628142
2292;0.8875495
2293;0.8863415
2294;0.8986381
2295;0.9801223
2296;0.9364988
2297;0.9048136
2298;0.8961313
2299;0.9035631
2300;0.8998963
2301;0.8807465
2302;0.8740568
2303;0.872753
2304;0.9079612
2305;0.9053119
2306;0.9342974
2307;0.9321195
2308;0.9651645
2309;0.9355164
2310;0.944029
2311;0.9528193
2312;0.961817
2313;0.9892315
2314;0.9739164
2315;0.9603851
2316;0.9600024
2317;0.9357091
2318;0.93038
2319;0.9285485
2320;0.906265
2321;0.8950709
2322;0.8729793
2323;0.8704193
2324;0.844298
2325;0.8040307
2326;0.8197521
2327;0.7938067
2328;0.8204757
2329;0.7879084
2330;0.7738925
2331;0.7670664
2332;0.7461512
2333;0.8003464
2334;0.7836369
2335;0.7841402
2336;0.819352
2337;0.7797171
2338;0.7643296
2339;0.7181461
2340;0.710207
2341;0.6936892
2342;0.6898643
2343;0.6834526
2344;0.6813402
2345;0.6787825
2346;0.6634384
2347;0.6693017
2348;0.6617085
2349;0.6561034
2350;0.6649538
2351;0.6677438
2352;0.6553188
2353;0.7288932
2354;0.7260353
2355;0.7231386
2356;0.7131852
2357;0.7115405
2358;0.7124265
2359;0.7358226
2360;0.7242104
2361;0.7205576
2362;0.7313961
2363;0.7323285
2364;0.7579288
2365;0.7610599
2366;0.7214304
2367;0.7269121
2368;0.7254723
2369;0.7273761
2370;0.7164024
2371;0.7237864
2372;0.738565
2373;0.726559
2374;0.7564055
2375;0.7782456
2376;0.7913355
2377;0.8369163
2378;0.8228879
2379;0.8406612
2380;0.8254708
2381;0.8198166
2382;0.8345143
2383;0.8353614
2384;0.8275453
2385;0.8273921
2386;0.7990414
2387;0.8410639
2388;0.837588
2389;0.8196204
2390;0.8027532
2391;0.790799
2392;0.7899094
2393;0.7982607
2394;0.8361191
2395;0.8763248
2396;0.8522879
2397;0.8344453
2398;0.8023753
2399;0.8024434
2400;0.8684603
2401;0.864138
2402;0.8716938
2403;0.8766187
2404;0.8628393
2405;0.8657993
2406;0.8605868
2407;0.8569698
2408;0.8752701
2409;0.8586046
2410;0.8320321
2411;0.8424255
2412;0.868126
2413;0.8499783
2414;0.8475469
2415;0.823471
2416;0.7951738
2417;0.7792755
2418;0.7747596
2419;0.7904974
2420;0.7728257
2421;0.7424212
2422;0.8194708
2423;0.7878824
2424;0.8206335
2425;0.8382637
2426;0.8375634
2427;0.8427643
2428;0.8745553
2429;0.8792697
2430;0.8616333
2431;0.836598
2432;0.8505812
2433;0.8610162
2434;0.8892344
2435;0.8945203
2436;0.8939999
2437;0.8672723
2438;0.8614856
2439;0.8293683
2440;0.787465
2441;0.8050554
2442;0.786688
2443;0.7787787
2444;0.7421852
2445;0.7564375
2446;0.7953914
2447;0.7694582
2448;0.7726134
2449;0.7355226
2450;0.7292994
2451;0.7237056
2452;0.7402697
2453;0.706752
2454;0.7576344
2455;0.7857574
2456;0.7874426
2457;0.7771648
2458;0.7674917
2459;0.7646831
2460;0.6993363
2461;0.7088934
2462;0.7314287
2463;0.7619163
2464;0.778098
2465;0.7679908
2466;0.7544581
2467;0.7672106
2468;0.7493253
2469;0.7226412
2470;0.7026577
2471;0.6815709
2472;0.7123771
2473;0.7221192
2474;0.7511868
2475;0.7424006
2476;0.7518862
2477;0.7278203
2478;0.7165347
2479;0.7305043
2480;0.7226332
2481;0.7254801
2482;0.7233771
2483;0.7466959
2484;0.7413937
2485;0.7423509
2486;0.7269297
2487;0.725457
2488;0.7072836
2489;0.7631912
2490;0.7341269
2491;0.7220815
2492;0.7783483
2493;0.8331351
2494;0.8451232
2495;0.8275612
2496;0.8668492
2497;0.9011265
2498;0.8819875
2499;0.895686
2500;0.915049
2501;0.8843257
2502;0.8857853
2503;0.9015366
2504;0.9034019
2505;0.9004239
2506;0.9055105
2507;0.9312536
2508;0.9249603
2509;0.9121014
2510;0.8949138
2511;0.8938378
2512;0.894357
2513;0.8836405
2514;0.8755501
2515;0.8931801
2516;0.8516098
2517;0.8366383
2518;0.8260409
2519;0.8183206
2520;0.7937117
2521;0.7768195
2522;0.7627934
2523;0.7816366
2524;0.7819628
2525;0.7684377
2526;0.7612656
2527;0.7594963
2528;0.7660631
2529;0.7635449
2530;0.8156264
2531;0.8879768
2532;0.853478
2533;0.8615437
2534;0.8626961
2535;0.8362481
2536;0.8032993
2537;0.8199127
2538;0.7961501
2539;0.8251953
